timestamp,icao24,latitude,longitude,groundspeed,track,vertical_rate,callsign,onground,alert,spi,squawk,altitude,geoaltitude
1641993553,39ac45,43.76673889160156,1.0297127657158431,31.0,0.0,-192.0,SAMU31,False,False,False,,550.0,1250.0
1641993554,39ac45,43.76673889160156,1.0297127657158431,36.0,358.4088597288054,-64.0,SAMU31,False,False,False,,550.0,1250.0
1641993555,39ac45,43.76673889160156,1.0297127657158431,41.0,358.60281897270363,0.0,SAMU31,False,False,False,,550.0,1250.0
1641993556,39ac45,43.76673889160156,1.0297127657158431,43.0,358.6677801461304,64.0,SAMU31,False,False,False,,550.0,1250.0
1641993557,39ac45,43.76673889160156,1.0297127657158431,43.0,358.6677801461304,64.0,SAMU31,False,False,False,,550.0,1250.0
1641993558,39ac45,43.76673889160156,1.0297127657158431,43.0,358.6677801461304,64.0,SAMU31,False,False,False,,550.0,1250.0
1641993559,39ac45,43.76673889160156,1.0297127657158431,43.0,358.6677801461304,64.0,SAMU31,False,False,False,,550.0,1250.0
1641993560,39ac45,43.76673889160156,1.0297127657158431,43.0,358.6677801461304,64.0,SAMU31,False,False,False,,550.0,1250.0
1641993561,39ac45,43.76673889160156,1.0297127657158431,43.0,358.6677801461304,64.0,SAMU31,False,False,False,,550.0,1250.0
1641993562,39ac45,43.76673889160156,1.0297127657158431,43.0,358.6677801461304,64.0,SAMU31,False,False,False,,550.0,1250.0
1641993563,39ac45,43.76673889160156,1.0297127657158431,43.0,358.6677801461304,64.0,SAMU31,False,False,False,,550.0,1250.0
1641993601,39ac45,43.76441050384004,1.0494559151785714,116.0,130.8150838748816,128.0,SAMU31,False,False,False,,800.0,1475.0
1641993602,39ac45,43.76441050384004,1.0494559151785714,116.0,130.8150838748816,128.0,SAMU31,False,False,False,,800.0,1475.0
1641993603,39ac45,43.763763427734375,1.0505356899527618,116.0,130.1207262169933,64.0,SAMU31,False,False,False,,775.0,1450.0
1641993604,39ac45,43.76339721679688,1.0511105559593024,116.0,130.1207262169933,64.0,SAMU31,False,False,False,,800.0,1475.0
1641993605,39ac45,43.763031005859375,1.0516854219658431,117.0,130.49509313639297,64.0,SAMU31,False,False,False,,800.0,1475.0
1641993606,39ac45,43.76287427999205,1.0520063127790178,118.0,130.8653286262636,64.0,SAMU31,False,False,False,,800.0,1475.0
1641993607,39ac45,43.76287427999205,1.0520063127790178,118.0,130.8653286262636,64.0,SAMU31,False,False,False,,800.0,1475.0
1641993608,39ac45,43.76287427999205,1.0520063127790178,118.0,130.8653286262636,64.0,SAMU31,False,False,False,,800.0,1475.0
1641993609,39ac45,43.76287427999205,1.0520063127790178,118.0,130.8653286262636,64.0,SAMU31,False,False,False,,800.0,1475.0
1641993610,39ac45,43.76287427999205,1.0520063127790178,118.0,130.8653286262636,64.0,SAMU31,False,False,False,,800.0,1475.0
1641993611,39ac45,43.76287427999205,1.0520063127790178,118.0,130.8653286262636,64.0,SAMU31,False,False,False,,800.0,1475.0
1641993612,39ac45,43.76287427999205,1.0520063127790178,118.0,130.8653286262636,64.0,SAMU31,False,False,False,,800.0,1475.0
1641993613,39ac45,43.76287427999205,1.0520063127790178,118.0,130.8653286262636,64.0,SAMU31,False,False,False,,800.0,1475.0
1641993614,39ac45,43.76287427999205,1.0520063127790178,118.0,130.8653286262636,64.0,SAMU31,False,False,False,,800.0,1475.0
1641993615,39ac45,43.76287427999205,1.0520063127790178,118.0,130.8653286262636,64.0,SAMU31,False,False,False,,800.0,1475.0
1641993616,39ac45,43.76287427999205,1.0520063127790178,118.0,130.8653286262636,64.0,SAMU31,False,False,False,,800.0,1475.0
1641993617,39ac45,43.76287427999205,1.0520063127790178,118.0,130.8653286262636,64.0,SAMU31,False,False,False,,800.0,1475.0
1641993618,39ac45,43.76287427999205,1.0520063127790178,118.0,130.8653286262636,64.0,SAMU31,False,False,False,,800.0,1475.0
1641993619,39ac45,43.76287427999205,1.0520063127790178,118.0,130.8653286262636,64.0,SAMU31,False,False,False,,800.0,1475.0
1641993620,39ac45,43.76287427999205,1.0520063127790178,118.0,130.8653286262636,64.0,SAMU31,False,False,False,,800.0,1475.0
1641993621,39ac45,43.76287427999205,1.0520063127790178,118.0,130.8653286262636,64.0,SAMU31,False,False,False,,800.0,1475.0
1641993622,39ac45,43.76287427999205,1.0520063127790178,118.0,130.8653286262636,64.0,SAMU31,False,False,False,,800.0,1475.0
1641993623,39ac45,43.76287427999205,1.0520063127790178,118.0,130.8653286262636,64.0,SAMU31,False,False,False,,800.0,1475.0
1641993624,39ac45,43.76287427999205,1.0520063127790178,118.0,130.8653286262636,64.0,SAMU31,False,False,False,,800.0,1475.0
1641993625,39ac45,43.76287427999205,1.0520063127790178,118.0,130.8653286262636,64.0,SAMU31,False,False,False,,800.0,1475.0
1641993626,39ac45,43.76287427999205,1.0520063127790178,118.0,130.8653286262636,64.0,SAMU31,False,False,False,,800.0,1475.0
1641993627,39ac45,43.76287427999205,1.0520063127790178,118.0,130.8653286262636,64.0,SAMU31,False,False,False,,800.0,1475.0
1641993628,39ac45,43.76287427999205,1.0520063127790178,118.0,130.8653286262636,64.0,SAMU31,False,False,False,,800.0,1475.0
1641993629,39ac45,43.76287427999205,1.0520063127790178,118.0,130.8653286262636,64.0,SAMU31,False,False,False,,800.0,1475.0
1641993630,39ac45,43.76287427999205,1.0520063127790178,118.0,130.8653286262636,64.0,SAMU31,False,False,False,,800.0,1475.0
1641993631,39ac45,43.76287427999205,1.0520063127790178,118.0,130.8653286262636,64.0,SAMU31,False,False,False,,800.0,1475.0
1641993632,39ac45,43.76287427999205,1.0520063127790178,118.0,130.8653286262636,64.0,SAMU31,False,False,False,,800.0,1475.0
1641993633,39ac45,43.76287427999205,1.0520063127790178,118.0,130.8653286262636,64.0,SAMU31,False,False,False,,800.0,1475.0
1641993634,39ac45,43.75337762347722,1.0705130440848214,118.0,130.8653286262636,64.0,SAMU31,False,False,False,,800.0,1475.0
1641993635,39ac45,43.75319141452595,1.0708400181361606,129.0,122.33493623495764,-64.0,SAMU31,False,False,False,,800.0,1475.0
1641993636,39ac45,43.75319141452595,1.0708400181361606,129.0,122.33493623495764,-128.0,SAMU31,False,False,False,7015.0,800.0,1450.0
1641993637,39ac45,43.75319141452595,1.0708400181361606,129.0,122.33493623495764,-128.0,SAMU31,False,False,False,7015.0,775.0,1450.0
1641993638,39ac45,43.752227783203125,1.0730193382085758,128.0,121.95810947333804,-256.0,SAMU31,False,False,False,7015.0,775.0,1450.0
1641993639,39ac45,43.752227783203125,1.0730193382085758,128.0,121.95810947333804,-256.0,SAMU31,False,False,False,7015.0,775.0,1450.0
1641993640,39ac45,43.75154113769531,1.0744884402252908,130.0,122.09892725478522,-64.0,SAMU31,False,False,False,7015.0,775.0,1450.0
1641993641,39ac45,43.75154113769531,1.0744884402252908,130.0,122.09892725478522,0.0,SAMU31,False,False,False,7015.0,775.0,1450.0
1641993642,39ac45,43.75086380263506,1.0759408133370536,129.0,121.72360295768404,0.0,SAMU31,False,False,False,7015.0,775.0,1450.0
1641993643,39ac45,43.750579833984375,1.07666015625,129.0,121.72360295768404,0.0,SAMU31,False,False,False,7015.0,775.0,1450.0
1641993644,39ac45,43.750579833984375,1.07666015625,129.0,121.72360295768404,0.0,SAMU31,False,False,False,7015.0,775.0,1450.0
1641993645,39ac45,43.75007241459216,1.0777718680245536,129.0,121.72360295768404,-64.0,SAMU31,False,False,False,7015.0,775.0,1450.0
1641993646,39ac45,43.74980163574219,1.078448628270349,129.0,121.72360295768404,-64.0,SAMU31,False,False,False,7015.0,775.0,1450.0
1641993647,39ac45,43.74980163574219,1.078448628270349,129.0,121.72360295768404,-64.0,SAMU31,False,False,False,7015.0,775.0,1450.0
1641993648,39ac45,43.74916076660156,1.0798538562863371,130.0,121.11533231474183,0.0,SAMU31,False,False,False,7015.0,775.0,1450.0
1641993649,39ac45,43.74916076660156,1.0798538562863371,130.0,121.11533231474183,0.0,SAMU31,False,False,False,7015.0,775.0,1450.0
1641993650,39ac45,43.74916076660156,1.0798538562863371,130.0,120.51023740611558,0.0,SAMU31,False,False,False,7015.0,775.0,1450.0
1641993651,39ac45,43.74916076660156,1.0798538562863371,130.0,120.51023740611558,0.0,SAMU31,False,False,False,7015.0,775.0,1450.0
1641993652,39ac45,43.74778747558594,1.0830475563226745,130.0,121.11533231474183,64.0,SAMU31,False,False,False,7015.0,775.0,1450.0
1641993653,39ac45,43.747467041015625,1.083750170330669,130.0,121.11533231474183,64.0,SAMU31,False,False,False,7015.0,775.0,1450.0
1641993654,39ac45,43.747467041015625,1.083750170330669,130.0,121.11533231474183,64.0,SAMU31,False,False,False,7015.0,775.0,1450.0
1641993655,39ac45,43.747467041015625,1.083750170330669,130.0,121.11533231474183,64.0,SAMU31,False,False,False,7015.0,775.0,1450.0
1641993656,39ac45,43.747467041015625,1.083750170330669,130.0,121.11533231474183,64.0,SAMU31,False,False,False,7015.0,775.0,1450.0
1641993657,39ac45,43.747467041015625,1.083750170330669,130.0,121.11533231474183,64.0,SAMU31,False,False,False,7015.0,775.0,1450.0
1641993658,39ac45,43.747467041015625,1.083750170330669,130.0,121.11533231474183,64.0,SAMU31,False,False,False,7015.0,775.0,1450.0
1641993659,39ac45,43.7457275390625,1.087646484375,130.0,121.11533231474183,64.0,SAMU31,False,False,False,7015.0,800.0,1450.0
1641993660,39ac45,43.7457275390625,1.087646484375,130.0,121.11533231474183,64.0,SAMU31,False,False,False,7015.0,800.0,1450.0
1641993661,39ac45,43.7457275390625,1.087646484375,129.0,122.33493623495764,64.0,SAMU31,False,False,False,7015.0,800.0,1475.0
1641993662,39ac45,43.7457275390625,1.087646484375,129.0,122.33493623495764,64.0,SAMU31,False,False,False,7015.0,775.0,1475.0
1641993663,39ac45,43.7457275390625,1.087646484375,129.0,122.33493623495764,64.0,SAMU31,False,False,False,7015.0,775.0,1475.0
1641993664,39ac45,43.7457275390625,1.087646484375,129.0,122.33493623495764,64.0,SAMU31,False,False,False,7015.0,775.0,1475.0
1641993665,39ac45,43.7457275390625,1.087646484375,129.0,122.33493623495764,64.0,SAMU31,False,False,False,7015.0,775.0,1475.0
1641993666,39ac45,43.7457275390625,1.087646484375,129.0,122.33493623495764,64.0,SAMU31,False,False,False,7015.0,775.0,1475.0
1641993667,39ac45,43.7457275390625,1.087646484375,129.0,122.33493623495764,64.0,SAMU31,False,False,False,7015.0,775.0,1475.0
1641993668,39ac45,43.7457275390625,1.087646484375,129.0,122.33493623495764,64.0,SAMU31,False,False,False,7015.0,775.0,1475.0
1641993669,39ac45,43.74243784759004,1.0949053083147322,128.0,121.95810947333804,384.0,SAMU31,False,False,False,7015.0,825.0,1500.0
1641993670,39ac45,43.74215698242188,1.0955668604651163,128.0,121.95810947333804,384.0,SAMU31,False,False,False,7015.0,825.0,1500.0
1641993671,39ac45,43.74215698242188,1.0955668604651163,128.0,121.95810947333804,384.0,SAMU31,False,False,False,7015.0,825.0,1500.0
1641993672,39ac45,43.74215698242188,1.0955668604651163,128.0,121.95810947333804,384.0,SAMU31,False,False,False,7015.0,825.0,1500.0
1641993673,39ac45,43.7413330078125,1.0973553324854652,128.0,121.95810947333804,384.0,SAMU31,False,False,False,7015.0,825.0,1500.0
1641993674,39ac45,43.74108783269333,1.0979788643973214,128.0,121.95810947333804,192.0,SAMU31,False,False,False,7015.0,850.0,1525.0
1641993675,39ac45,43.74057575807733,1.099090576171875,128.0,121.95810947333804,192.0,SAMU31,False,False,False,7015.0,850.0,1525.0
1641993676,39ac45,43.74057575807733,1.099090576171875,128.0,121.95810947333804,320.0,SAMU31,False,False,False,7015.0,850.0,1525.0
1641993677,39ac45,43.74011023569915,1.1000714983258928,128.0,121.95810947333804,320.0,SAMU31,False,False,False,7015.0,850.0,1525.0
1641993678,39ac45,43.73950505660752,1.1014447893415178,128.0,122.57405713457251,256.0,SAMU31,False,False,False,7015.0,850.0,1525.0
1641993679,39ac45,43.73950505660752,1.1014447893415178,128.0,122.57405713457251,256.0,SAMU31,False,False,False,7015.0,875.0,1525.0
1641993680,39ac45,43.73899841308594,1.1024652525436047,128.0,122.57405713457251,256.0,SAMU31,False,False,False,7015.0,875.0,1550.0
1641993681,39ac45,43.73899841308594,1.1024652525436047,128.0,122.19573393471326,256.0,SAMU31,False,False,False,7015.0,875.0,1550.0
1641993682,39ac45,43.73899841308594,1.1024652525436047,128.0,122.19573393471326,256.0,SAMU31,False,False,False,7015.0,875.0,1550.0
1641993683,39ac45,43.73899841308594,1.1024652525436047,128.0,122.19573393471326,256.0,SAMU31,False,False,False,7015.0,875.0,1550.0
1641993684,39ac45,43.737875728283896,1.1049761090959822,127.0,122.8163434140126,384.0,SAMU31,False,False,False,7015.0,900.0,1575.0
1641993685,39ac45,43.7373046875,1.1061699445857558,128.0,123.19293657840146,320.0,SAMU31,False,False,False,7015.0,900.0,1550.0
1641993686,39ac45,43.7373046875,1.1061699445857558,129.0,122.94921511659044,256.0,SAMU31,False,False,False,7015.0,900.0,1575.0
1641993687,39ac45,43.73680502681409,1.1071995326450892,129.0,122.94921511659044,0.0,SAMU31,False,False,False,7015.0,900.0,1575.0
1641993688,39ac45,43.73680502681409,1.1071995326450892,129.0,123.32121567193958,0.0,SAMU31,False,False,False,7015.0,900.0,1575.0
1641993689,39ac45,43.73596708653336,1.1089651925223214,129.0,123.32121567193958,64.0,SAMU31,False,False,False,7015.0,900.0,1575.0
1641993690,39ac45,43.73565673828125,1.109619140625,130.0,124.3034892642219,0.0,SAMU31,False,False,False,7015.0,900.0,1575.0
1641993691,39ac45,43.73531535520392,1.1103384835379464,130.0,124.3034892642219,64.0,SAMU31,False,False,False,7015.0,900.0,1575.0
1641993692,39ac45,43.73531535520392,1.1103384835379464,130.0,124.6672994840782,0.0,SAMU31,False,False,False,7015.0,900.0,1575.0
1641993693,39ac45,43.73469543457031,1.1115353606468024,130.0,124.6672994840782,64.0,SAMU31,False,False,False,7015.0,900.0,1575.0
1641993694,39ac45,43.73432922363281,1.1122379746547966,130.0,124.6672994840782,64.0,SAMU31,False,False,False,7015.0,900.0,1575.0
1641993695,39ac45,43.73410499702066,1.1126273018973214,130.0,125.28120779717436,192.0,SAMU31,False,False,False,7015.0,900.0,1575.0
1641993696,39ac45,43.73382568359375,1.1132158551897322,130.0,125.63980919808668,192.0,SAMU31,False,False,False,7015.0,925.0,1550.0
1641993697,39ac45,43.7334532656912,1.1138698032924106,130.0,125.63980919808668,192.0,SAMU31,False,False,False,7015.0,925.0,1575.0
1641993698,39ac45,43.73286437988281,1.1150484306867734,130.0,126.2538377374448,64.0,SAMU31,False,False,False,7015.0,900.0,1575.0
1641993699,39ac45,43.73263549804688,1.115431674691134,130.0,126.2538377374448,0.0,SAMU31,False,False,False,7015.0,900.0,1575.0
1641993700,39ac45,43.73263549804688,1.115431674691134,131.0,126.6070748126075,-64.0,SAMU31,False,False,False,7015.0,900.0,1575.0
1641993701,39ac45,43.73263549804688,1.115431674691134,131.0,126.6070748126075,-64.0,SAMU31,False,False,False,7015.0,900.0,1575.0
1641993702,39ac45,43.73263549804688,1.115431674691134,131.0,126.6070748126075,-64.0,SAMU31,False,False,False,7015.0,900.0,1575.0
1641993703,39ac45,43.7310791015625,1.118316650390625,131.0,126.6070748126075,-64.0,SAMU31,False,False,False,7015.0,900.0,1575.0
1641993704,39ac45,43.7310791015625,1.118316650390625,131.0,126.95710576649468,-64.0,SAMU31,False,False,False,7015.0,900.0,1575.0
1641993705,39ac45,43.73033426575741,1.11968994140625,131.0,126.95710576649468,-64.0,SAMU31,False,False,False,7015.0,900.0,1575.0
1641993706,39ac45,43.73033426575741,1.11968994140625,131.0,126.95710576649468,-64.0,SAMU31,False,False,False,7015.0,900.0,1575.0
1641993707,39ac45,43.729682534427965,1.1208670479910714,131.0,126.95710576649468,-64.0,SAMU31,False,False,False,7015.0,875.0,1575.0
1641993708,39ac45,43.72954287771451,1.1211286272321428,132.0,128.2544203525172,-192.0,SAMU31,False,False,False,7015.0,900.0,1575.0
1641993709,39ac45,43.72889114638506,1.1222403390066964,133.0,128.59255971746683,-256.0,SAMU31,False,False,False,7015.0,875.0,1550.0
1641993710,39ac45,43.72837907176907,1.1231558663504464,133.0,128.59255971746683,-128.0,SAMU31,False,False,False,7015.0,875.0,1550.0
1641993711,39ac45,43.72796630859375,1.1237991687863371,133.0,129.19841311235302,-64.0,SAMU31,False,False,False,7015.0,875.0,1550.0
1641993712,39ac45,43.72777389267743,1.1241367885044642,133.0,129.19841311235302,-64.0,SAMU31,False,False,False,7015.0,875.0,1550.0
1641993713,39ac45,43.7274169921875,1.1247572787972384,133.0,129.19841311235302,0.0,SAMU31,False,False,False,7015.0,875.0,1550.0
1641993714,39ac45,43.72693595239672,1.1255754743303572,133.0,129.19841311235302,0.0,SAMU31,False,False,False,7015.0,875.0,1550.0
1641993715,39ac45,43.72654724121094,1.1262263808139537,133.0,129.19841311235302,0.0,SAMU31,False,False,False,7015.0,875.0,1550.0
1641993716,39ac45,43.72609801211599,1.1269487653459822,133.0,129.19841311235302,0.0,SAMU31,False,False,False,7015.0,875.0,1550.0
1641993717,39ac45,43.72576904296875,1.1275677348292152,134.0,129.5309050298881,-64.0,SAMU31,False,False,False,7015.0,875.0,1550.0
1641993718,39ac45,43.72535317631091,1.1282566615513392,134.0,129.5309050298881,-128.0,SAMU31,False,False,False,7015.0,875.0,1550.0
1641993719,39ac45,43.72493420617055,1.1289106096540178,133.0,130.1354855622395,-64.0,SAMU31,False,False,False,7015.0,875.0,1550.0
1641993720,39ac45,43.724515236030186,1.1295645577566964,133.0,130.1354855622395,-128.0,SAMU31,False,False,False,7015.0,875.0,1550.0
1641993721,39ac45,43.7242824748411,1.1299569266183036,133.0,130.1354855622395,-192.0,SAMU31,False,False,False,7015.0,875.0,1525.0
1641993722,39ac45,43.7242824748411,1.1299569266183036,133.0,130.1354855622395,-128.0,SAMU31,False,False,False,7015.0,875.0,1550.0
1641993723,39ac45,43.72344453456038,1.1313302176339286,133.0,130.1354855622395,-192.0,SAMU31,False,False,False,7015.0,875.0,1550.0
1641993724,39ac45,43.72344453456038,1.1313302176339286,133.0,130.1354855622395,-192.0,SAMU31,False,False,False,7015.0,875.0,1550.0
1641993725,39ac45,43.72251892089844,1.132869276889535,133.0,129.8055710922652,128.0,SAMU31,False,False,False,7015.0,875.0,1550.0
1641993726,39ac45,43.72210693359375,1.1335718908975292,133.0,129.8055710922652,128.0,SAMU31,False,False,False,7015.0,875.0,1550.0
1641993727,39ac45,43.72174072265625,1.1342106309047966,132.0,129.47245984834382,64.0,SAMU31,False,False,False,7015.0,875.0,1550.0
1641993728,39ac45,43.72148934057204,1.1345999581473214,132.0,129.47245984834382,128.0,SAMU31,False,False,False,7015.0,875.0,1550.0
1641993729,39ac45,43.72105407714844,1.1352964889171513,131.0,129.74972727026696,128.0,SAMU31,False,False,False,7015.0,875.0,1550.0
1641993730,39ac45,43.72065140029131,1.1359732491629464,132.0,129.47245984834382,128.0,SAMU31,False,False,False,7015.0,875.0,1550.0
1641993731,39ac45,43.72027898238877,1.136627197265625,132.0,129.47245984834382,128.0,SAMU31,False,False,False,7015.0,875.0,1550.0
1641993732,39ac45,43.71986389160156,1.137340456940407,132.0,129.47245984834382,0.0,SAMU31,False,False,False,7015.0,875.0,1550.0
1641993733,39ac45,43.71948759434586,1.1378696986607142,132.0,129.47245984834382,0.0,SAMU31,False,False,False,7015.0,875.0,1550.0
1641993734,39ac45,43.71911517644333,1.1385236467633928,132.0,129.47245984834382,0.0,SAMU31,False,False,False,7015.0,875.0,1550.0
1641993735,39ac45,43.718649654065146,1.1393083844866072,132.0,129.47245984834382,0.0,SAMU31,False,False,False,7015.0,875.0,1550.0
1641993736,39ac45,43.71823068392479,1.1400277273995536,132.0,129.47245984834382,0.0,SAMU31,False,False,False,7015.0,875.0,1550.0
1641993737,39ac45,43.71785826602224,1.1406162806919642,131.0,129.74972727026696,64.0,SAMU31,False,False,False,7015.0,875.0,1550.0
1641993738,39ac45,43.71743929588188,1.1413356236049106,131.0,129.74972727026696,64.0,SAMU31,False,False,False,7015.0,875.0,1550.0
1641993739,39ac45,43.71706687797934,1.1419895717075892,131.0,129.74972727026696,64.0,SAMU31,False,False,False,7015.0,900.0,1550.0
1641993740,39ac45,43.7166944600768,1.142578125,131.0,129.74972727026696,128.0,SAMU31,False,False,False,7015.0,900.0,1575.0
1641993741,39ac45,43.71629333496094,1.1432807390079942,132.0,130.08343399398998,128.0,SAMU31,False,False,False,7015.0,900.0,1575.0
1641993742,39ac45,43.71585651979608,1.143951416015625,131.0,129.74972727026696,192.0,SAMU31,False,False,False,7015.0,900.0,1575.0
1641993743,39ac45,43.71562375860699,1.1443437848772322,132.0,130.08343399398998,128.0,SAMU31,False,False,False,7015.0,900.0,1575.0
1641993744,39ac45,43.71519470214844,1.1450692110283431,132.0,130.08343399398998,64.0,SAMU31,False,False,False,7015.0,900.0,1575.0
1641993745,39ac45,43.71478271484375,1.1457079510356103,132.0,130.08343399398998,64.0,SAMU31,False,False,False,7015.0,900.0,1575.0
1641993746,39ac45,43.714599609375,1.1460440499441964,132.0,130.08343399398998,0.0,SAMU31,False,False,False,7015.0,900.0,1575.0
1641993747,39ac45,43.71399443028336,1.1470249720982142,132.0,130.08343399398998,0.0,SAMU31,False,False,False,7015.0,900.0,1575.0
1641993748,39ac45,43.71366856461864,1.1475481305803572,131.0,129.74972727026696,0.0,SAMU31,False,False,False,7015.0,900.0,1575.0
1641993749,39ac45,43.713226318359375,1.1482629110646805,131.0,129.74972727026696,0.0,SAMU31,False,False,False,7015.0,900.0,1575.0
1641993750,39ac45,43.71281433105469,1.1489655250726745,131.0,129.74972727026696,64.0,SAMU31,False,False,False,7015.0,900.0,1575.0
1641993751,39ac45,43.71253967285156,1.1494765170784884,131.0,129.74972727026696,0.0,SAMU31,False,False,False,7015.0,900.0,1575.0
1641993752,39ac45,43.71194613181938,1.1504255022321428,132.0,129.47245984834382,0.0,SAMU31,False,False,False,7015.0,900.0,1575.0
1641993753,39ac45,43.711761474609375,1.1507539970930234,132.0,129.47245984834382,0.0,SAMU31,False,False,False,7015.0,900.0,1575.0
1641993754,39ac45,43.711761474609375,1.1507539970930234,132.0,129.47245984834382,0.0,SAMU31,False,False,False,7015.0,900.0,1575.0
1641993755,39ac45,43.711761474609375,1.1507539970930234,132.0,129.47245984834382,-64.0,SAMU31,False,False,False,7015.0,900.0,1575.0
1641993756,39ac45,43.71043395996094,1.1529895871184594,132.0,129.47245984834382,0.0,SAMU31,False,False,False,7015.0,875.0,1575.0
1641993757,39ac45,43.70999093783104,1.1536952427455356,132.0,129.47245984834382,0.0,SAMU31,False,False,False,7015.0,875.0,1575.0
1641993758,39ac45,43.70960998535156,1.1542670671329942,133.0,129.8055710922652,-128.0,SAMU31,False,False,False,7015.0,875.0,1550.0
1641993759,39ac45,43.70924377441406,1.1549058071402618,133.0,129.8055710922652,-128.0,SAMU31,False,False,False,7015.0,875.0,1550.0
1641993760,39ac45,43.708831787109375,1.1555445471475292,133.0,129.8055710922652,-192.0,SAMU31,False,False,False,7015.0,875.0,1550.0
1641993761,39ac45,43.708831787109375,1.1555445471475292,134.0,129.5309050298881,-256.0,SAMU31,False,False,False,7015.0,850.0,1550.0
1641993762,39ac45,43.70840816174523,1.15631103515625,134.0,129.5309050298881,-256.0,SAMU31,False,False,False,7015.0,850.0,1525.0
1641993763,39ac45,43.70761677370233,1.1576189313616072,134.0,129.5309050298881,-256.0,SAMU31,False,False,False,7015.0,850.0,1550.0
1641993764,39ac45,43.70743056475106,1.1579459054129464,134.0,129.5309050298881,-256.0,SAMU31,False,False,False,7015.0,850.0,1525.0
1641993765,39ac45,43.70724435579979,1.1582728794642856,134.0,129.5309050298881,-256.0,SAMU31,False,False,False,7015.0,850.0,1525.0
1641993766,39ac45,43.706817626953125,1.1589937431867734,134.0,129.2593933610481,-192.0,SAMU31,False,False,False,7015.0,850.0,1525.0
1641993767,39ac45,43.706817626953125,1.1589937431867734,134.0,128.32553095288242,-192.0,SAMU31,False,False,False,7015.0,850.0,1525.0
1641993768,39ac45,43.70584778866525,1.1606270926339286,134.0,128.32553095288242,-128.0,SAMU31,False,False,False,7015.0,850.0,1525.0
1641993769,39ac45,43.705428818524894,1.1614118303571428,134.0,128.32553095288242,-128.0,SAMU31,False,False,False,7015.0,850.0,1525.0
1641993770,39ac45,43.70505640062235,1.1620003836495536,134.0,127.72499504211076,0.0,SAMU31,False,False,False,7015.0,850.0,1525.0
1641993771,39ac45,43.70484924316406,1.1624429392260176,134.0,127.72499504211076,-64.0,SAMU31,False,False,False,7015.0,850.0,1525.0
1641993772,39ac45,43.70431156481727,1.1633736746651786,134.0,127.1260618682744,-64.0,SAMU31,False,False,False,7015.0,850.0,1525.0
1641993773,39ac45,43.70393914691472,1.1640276227678572,134.0,127.1260618682744,0.0,SAMU31,False,False,False,7015.0,850.0,1500.0
1641993774,39ac45,43.70361328125,1.1646785292514537,134.0,127.1260618682744,-64.0,SAMU31,False,False,False,7015.0,825.0,1525.0
1641993775,39ac45,43.70314775887182,1.16546630859375,134.0,127.1260618682744,-128.0,SAMU31,False,False,False,7015.0,825.0,1500.0
1641993776,39ac45,43.70282189320709,1.1661202566964286,135.0,126.86989764584402,-64.0,SAMU31,False,False,False,7015.0,850.0,1525.0
1641993777,39ac45,43.70235637082892,1.1669049944196428,136.0,127.20792192178156,-192.0,SAMU31,False,False,False,7015.0,850.0,1525.0
1641993778,39ac45,43.701983952926376,1.1676243373325892,136.0,127.20792192178156,-64.0,SAMU31,False,False,False,7015.0,825.0,1500.0
1641993779,39ac45,43.70161153502383,1.1682782854352678,136.0,127.20792192178156,-128.0,SAMU31,False,False,False,7015.0,825.0,1500.0
1641993780,39ac45,43.70118713378906,1.169085835301599,136.0,127.20792192178156,-256.0,SAMU31,False,False,False,7015.0,825.0,1500.0
1641993781,39ac45,43.700958251953125,1.1694690793059594,136.0,127.20792192178156,-192.0,SAMU31,False,False,False,7015.0,825.0,1500.0
1641993782,39ac45,43.70077359474311,1.1698477608816964,136.0,127.20792192178156,-256.0,SAMU31,False,False,False,7015.0,825.0,1500.0
1641993783,39ac45,43.70016841565148,1.1708940778459822,136.0,127.20792192178156,-128.0,SAMU31,False,False,False,7015.0,825.0,1500.0
1641993784,39ac45,43.69974944551112,1.1716134207589286,136.0,127.20792192178156,-64.0,SAMU31,False,False,False,7015.0,825.0,1500.0
1641993785,39ac45,43.69960978879767,1.171875,136.0,126.9539089925476,-64.0,SAMU31,False,False,False,7015.0,825.0,1500.0
1641993786,39ac45,43.69900460970604,1.1729867117745536,136.0,126.9539089925476,-64.0,SAMU31,False,False,False,7015.0,800.0,1475.0
1641993787,39ac45,43.69900460970604,1.1729867117745536,136.0,127.5429448597647,-64.0,SAMU31,False,False,False,7015.0,800.0,1475.0
1641993788,39ac45,43.69825977390095,1.1744253976004464,136.0,127.20792192178156,-64.0,SAMU31,False,False,False,7015.0,800.0,1475.0
1641993789,39ac45,43.69789123535156,1.175026117369186,136.0,126.9539089925476,-64.0,SAMU31,False,False,False,7015.0,800.0,1475.0
1641993790,39ac45,43.69742183362023,1.1759294782366072,136.0,127.5429448597647,-64.0,SAMU31,False,False,False,7015.0,800.0,1475.0
1641993791,39ac45,43.69718907243114,1.1763218470982142,136.0,127.5429448597647,-64.0,SAMU31,False,False,False,7015.0,800.0,1475.0
1641993792,39ac45,43.69683837890625,1.1769423373909884,136.0,127.5429448597647,-128.0,SAMU31,False,False,False,7015.0,800.0,1475.0
1641993793,39ac45,43.69683837890625,1.1769423373909884,136.0,127.5429448597647,-128.0,SAMU31,False,False,False,7015.0,800.0,1475.0
1641993794,39ac45,43.69683837890625,1.1769423373909884,136.0,127.5429448597647,-128.0,SAMU31,False,False,False,7015.0,800.0,1475.0
1641993795,39ac45,43.69542008739407,1.1795261928013392,137.0,127.28810758734112,-128.0,SAMU31,False,False,False,7015.0,800.0,1475.0
1641993796,39ac45,43.695098876953125,1.1801360374273258,136.0,126.9539089925476,-128.0,SAMU31,False,False,False,7015.0,775.0,1475.0
1641993797,39ac45,43.6947218038268,1.1807686941964286,136.0,126.9539089925476,-192.0,SAMU31,False,False,False,7015.0,775.0,1450.0
1641993798,39ac45,43.69441223144531,1.1814135174418603,137.0,126.36658017263626,-320.0,SAMU31,False,False,False,7015.0,775.0,1450.0
1641993799,39ac45,43.69400024414063,1.1821161314498547,137.0,126.36658017263626,-192.0,SAMU31,False,False,False,7015.0,775.0,1450.0
1641993800,39ac45,43.69360455011917,1.182861328125,136.0,126.61675151907066,-128.0,SAMU31,False,False,False,7015.0,775.0,1450.0
1641993801,39ac45,43.69317626953125,1.1836491074672966,137.0,126.36658017263626,-256.0,SAMU31,False,False,False,7015.0,775.0,1450.0
1641993802,39ac45,43.69281316207627,1.1843654087611606,136.0,126.02737338510362,-128.0,SAMU31,False,False,False,7015.0,775.0,1450.0
1641993803,39ac45,43.69281316207627,1.1843654087611606,136.0,126.02737338510362,-192.0,SAMU31,False,False,False,7015.0,775.0,1450.0
1641993804,39ac45,43.69281316207627,1.1843654087611606,136.0,126.02737338510362,-192.0,SAMU31,False,False,False,7015.0,775.0,1450.0
1641993805,39ac45,43.69281316207627,1.1843654087611606,136.0,126.02737338510362,-192.0,SAMU31,False,False,False,7015.0,775.0,1450.0
1641993806,39ac45,43.691436767578125,1.187034429505814,136.0,126.02737338510362,-256.0,SAMU31,False,False,False,7015.0,750.0,1425.0
1641993807,39ac45,43.69123038599047,1.1873735700334822,136.0,126.02737338510362,-256.0,SAMU31,False,False,False,7015.0,750.0,1425.0
1641993808,39ac45,43.69123038599047,1.1873735700334822,136.0,126.02737338510362,-256.0,SAMU31,False,False,False,7015.0,750.0,1425.0
1641993809,39ac45,43.69029934123411,1.1892046247209822,136.0,125.4399035191137,-256.0,SAMU31,False,False,False,7015.0,750.0,1425.0
1641993810,39ac45,43.689971923828125,1.1898448855377908,136.0,125.4399035191137,-128.0,SAMU31,False,False,False,7015.0,750.0,1425.0
1641993811,39ac45,43.68951416015625,1.1906752475472384,136.0,125.09581678702612,-128.0,SAMU31,False,False,False,7015.0,725.0,1425.0
1641993812,39ac45,43.68932174423993,1.1910356794084822,135.0,124.15969454566944,-192.0,SAMU31,False,False,False,7015.0,725.0,1400.0
1641993813,39ac45,43.68896484375,1.19182497956032,135.0,124.15969454566944,-192.0,SAMU31,False,False,False,7015.0,725.0,1400.0
1641993814,39ac45,43.6885986328125,1.192527593568314,135.0,124.74880124918256,-256.0,SAMU31,False,False,False,7015.0,725.0,1400.0
1641993815,39ac45,43.688232421875,1.193294081577035,135.0,124.74880124918256,-256.0,SAMU31,False,False,False,7015.0,725.0,1400.0
1641993816,39ac45,43.68787862486758,1.1939784458705356,135.0,124.74880124918256,-128.0,SAMU31,False,False,False,7015.0,725.0,1400.0
1641993817,39ac45,43.68754577636719,1.1946993095930234,135.0,124.74880124918256,-128.0,SAMU31,False,False,False,7015.0,725.0,1400.0
1641993818,39ac45,43.6871337890625,1.1954825265066964,135.0,124.74880124918256,-192.0,SAMU31,False,False,False,7015.0,725.0,1400.0
1641993819,39ac45,43.68676137115995,1.1962672642299106,135.0,124.74880124918256,-64.0,SAMU31,False,False,False,7015.0,725.0,1400.0
1641993820,39ac45,43.68643550549523,1.1968558175223214,135.0,124.74880124918256,-64.0,SAMU31,False,False,False,7015.0,700.0,1400.0
1641993821,39ac45,43.68643550549523,1.1968558175223214,135.0,124.74880124918256,-64.0,SAMU31,False,False,False,7015.0,700.0,1400.0
1641993822,39ac45,43.68564411745233,1.19842529296875,135.0,124.74880124918256,-64.0,SAMU31,False,False,False,7015.0,700.0,1400.0
1641993823,39ac45,43.68522514731197,1.1992754255022322,135.0,125.34010692155768,-256.0,SAMU31,False,False,False,7015.0,700.0,1375.0
1641993824,39ac45,43.68502807617188,1.1996176076489826,135.0,125.34010692155768,-192.0,SAMU31,False,False,False,7015.0,700.0,1375.0
1641993825,39ac45,43.684661865234375,1.2003202216569768,135.0,125.34010692155768,-192.0,SAMU31,False,False,False,7015.0,675.0,1375.0
1641993826,39ac45,43.68448031150688,1.2006487165178572,135.0,125.34010692155768,-256.0,SAMU31,False,False,False,7015.0,675.0,1350.0
1641993827,39ac45,43.68397521972656,1.2017254496729652,134.0,124.99202019855868,-256.0,SAMU31,False,False,False,7015.0,675.0,1350.0
1641993828,39ac45,43.683549266750525,1.2024797712053572,134.0,124.99202019855868,-256.0,SAMU31,False,False,False,7015.0,675.0,1350.0
1641993829,39ac45,43.683549266750525,1.2024797712053572,134.0,124.99202019855868,-256.0,SAMU31,False,False,False,7015.0,675.0,1350.0
1641993830,39ac45,43.683549266750525,1.2024797712053572,134.0,125.58737056313386,-128.0,SAMU31,False,False,False,7015.0,675.0,1350.0
1641993831,39ac45,43.6824320130429,1.2047031947544642,134.0,125.58737056313386,-192.0,SAMU31,False,False,False,7015.0,675.0,1350.0
1641993832,39ac45,43.68205959514036,1.2054225376674106,134.0,125.58737056313386,-128.0,SAMU31,False,False,False,7015.0,675.0,1350.0
1641993833,39ac45,43.68186950683594,1.20574951171875,134.0,125.58737056313386,-128.0,SAMU31,False,False,False,7015.0,675.0,1350.0
1641993834,39ac45,43.68131475933527,1.2067958286830356,133.0,125.487462397721,0.0,SAMU31,False,False,False,7015.0,675.0,1350.0
1641993835,39ac45,43.681128550384,1.2072535923549106,133.0,125.487462397721,0.0,SAMU31,False,False,False,7015.0,675.0,1350.0
1641993836,39ac45,43.68072509765625,1.207985101744186,133.0,125.487462397721,0.0,SAMU31,False,False,False,7015.0,675.0,1350.0
1641993837,39ac45,43.6803371623411,1.2087576729910714,132.0,125.13419305691563,-64.0,SAMU31,False,False,False,7015.0,675.0,1350.0
1641993838,39ac45,43.680197505627646,1.2090192522321428,132.0,125.13419305691563,-64.0,SAMU31,False,False,False,7015.0,675.0,1350.0
1641993839,39ac45,43.67963887877383,1.2101309640066964,132.0,125.73977846882852,0.0,SAMU31,False,False,False,7015.0,675.0,1350.0
1641993840,39ac45,43.67926646087129,1.210784912109375,132.0,125.73977846882852,0.0,SAMU31,False,False,False,7015.0,675.0,1350.0
1641993841,39ac45,43.67894059520657,1.2115042550223214,131.0,125.38543072909904,64.0,SAMU31,False,False,False,7015.0,675.0,1350.0
1641993842,39ac45,43.67852783203125,1.2122007857921513,132.0,125.73977846882852,192.0,SAMU31,False,False,False,7015.0,675.0,1350.0
1641993843,39ac45,43.67816162109375,1.2129033998001455,132.0,125.73977846882852,128.0,SAMU31,False,False,False,7015.0,675.0,1350.0
1641993844,39ac45,43.67800955045021,1.2132699148995536,131.0,125.38543072909904,0.0,SAMU31,False,False,False,7015.0,675.0,1350.0
1641993845,39ac45,43.67747497558594,1.214244753815407,131.0,125.38543072909904,0.0,SAMU31,False,False,False,7015.0,675.0,1350.0
1641993846,39ac45,43.67710876464844,1.2149473678234013,130.0,125.63980919808668,-192.0,SAMU31,False,False,False,7015.0,675.0,1350.0
1641993847,39ac45,43.67710876464844,1.2149473678234013,131.0,125.38543072909904,-64.0,SAMU31,False,False,False,7015.0,675.0,1350.0
1641993848,39ac45,43.67642677436441,1.2162126813616072,130.0,125.63980919808668,0.0,SAMU31,False,False,False,7015.0,675.0,1350.0
1641993849,39ac45,43.676055908203125,1.216991335846657,130.0,125.63980919808668,0.0,SAMU31,False,False,False,7015.0,675.0,1350.0
1641993850,39ac45,43.675689697265625,1.2176300758539245,130.0,125.63980919808668,64.0,SAMU31,False,False,False,7015.0,675.0,1350.0
1641993851,39ac45,43.67555236816406,1.2179494458575582,130.0,125.63980919808668,64.0,SAMU31,False,False,False,7015.0,675.0,1350.0
1641993852,39ac45,43.675030207229874,1.2189592633928572,130.0,126.2538377374448,0.0,SAMU31,False,False,False,7015.0,675.0,1350.0
1641993853,39ac45,43.674704341565146,1.2196132114955356,131.0,125.99522087472268,0.0,SAMU31,False,False,False,7015.0,675.0,1350.0
1641993854,39ac45,43.67451813261388,1.219940185546875,130.0,125.63980919808668,-64.0,SAMU31,False,False,False,7015.0,675.0,1350.0
1641993855,39ac45,43.67419226694915,1.2205287388392856,130.0,125.63980919808668,0.0,SAMU31,False,False,False,7015.0,675.0,1350.0
1641993856,39ac45,43.673675537109375,1.2215902638989826,130.0,125.63980919808668,-64.0,SAMU31,False,False,False,7015.0,675.0,1350.0
1641993857,39ac45,43.67317199707031,1.222484499909157,130.0,125.63980919808668,-64.0,SAMU31,False,False,False,7015.0,675.0,1350.0
1641993858,39ac45,43.67280578613281,1.2231871139171513,130.0,125.63980919808668,-64.0,SAMU31,False,False,False,7015.0,675.0,1350.0
1641993859,39ac45,43.67243957519531,1.2238897279251455,130.0,125.63980919808668,0.0,SAMU31,False,False,False,7015.0,675.0,1350.0
1641993860,39ac45,43.672190520722985,1.2243870326450892,130.0,125.63980919808668,-64.0,SAMU31,False,False,False,7015.0,675.0,1350.0
1641993861,39ac45,43.671818102820446,1.2251063755580356,130.0,125.63980919808668,0.0,SAMU31,False,False,False,7015.0,675.0,1350.0
1641993862,39ac45,43.6714456849179,1.2258257184709822,130.0,125.28120779717436,64.0,SAMU31,False,False,False,7015.0,675.0,1350.0
1641993863,39ac45,43.67111981925318,1.2264796665736606,130.0,125.28120779717436,0.0,SAMU31,False,False,False,7015.0,675.0,1350.0
1641993864,39ac45,43.67074740135063,1.2271990094866072,130.0,124.6672994840782,0.0,SAMU31,False,False,False,7015.0,675.0,1350.0
1641993865,39ac45,43.67042153568591,1.2278529575892856,130.0,124.05578030093248,0.0,SAMU31,False,False,False,7015.0,675.0,1350.0
1641993866,39ac45,43.67009567002118,1.2285069056919642,130.0,124.05578030093248,0.0,SAMU31,False,False,False,7015.0,675.0,1350.0
1641993867,39ac45,43.66969299316406,1.229319017986919,130.0,124.05578030093248,-64.0,SAMU31,False,False,False,7015.0,675.0,1350.0
1641993868,39ac45,43.66937255859375,1.2300216319949129,130.0,123.6900675259798,-64.0,SAMU31,False,False,False,7015.0,650.0,1325.0
1641993869,39ac45,43.6690715207892,1.2305995396205356,131.0,123.44677480771492,-128.0,SAMU31,False,False,False,7015.0,650.0,1325.0
1641993870,39ac45,43.66888531183792,1.2310573032924106,131.0,123.44677480771492,-128.0,SAMU31,False,False,False,7015.0,650.0,1325.0
1641993871,39ac45,43.6685594461732,1.2317112513950892,130.0,123.6900675259798,-64.0,SAMU31,False,False,False,7015.0,650.0,1325.0
1641993872,39ac45,43.66818702827066,1.2324305943080356,130.0,124.05578030093248,0.0,SAMU31,False,False,False,7015.0,650.0,1325.0
1641993873,39ac45,43.66790771484375,1.23302371002907,130.0,124.05578030093248,0.0,SAMU31,False,False,False,7015.0,650.0,1325.0
1641993874,39ac45,43.66739564022775,1.2340654645647322,131.0,123.8112000717482,-128.0,SAMU31,False,False,False,7015.0,650.0,1325.0
1641993875,39ac45,43.66722106933594,1.2344289380450582,131.0,123.8112000717482,-128.0,SAMU31,False,False,False,7015.0,650.0,1325.0
1641993876,39ac45,43.66667175292969,1.2355147960574129,130.0,124.05578030093248,-128.0,SAMU31,False,False,False,7015.0,650.0,1325.0
1641993877,39ac45,43.666511147709215,1.2358965192522322,130.0,124.05578030093248,-128.0,SAMU31,False,False,False,7015.0,650.0,1325.0
1641993878,39ac45,43.66603088378906,1.2369200240734013,130.0,124.05578030093248,-128.0,SAMU31,False,False,False,7015.0,650.0,1325.0
1641993879,39ac45,43.66571975966631,1.2375313895089286,130.0,124.05578030093248,-128.0,SAMU31,False,False,False,7015.0,650.0,1325.0
1641993880,39ac45,43.66534423828125,1.2383252520893897,130.0,124.05578030093248,-128.0,SAMU31,False,False,False,7015.0,650.0,1325.0
1641993881,39ac45,43.6651611328125,1.2386431012834822,131.0,124.4183644790562,-64.0,SAMU31,False,False,False,7015.0,650.0,1325.0
1641993882,39ac45,43.66460250595868,1.2397548130580356,131.0,124.4183644790562,0.0,SAMU31,False,False,False,7015.0,650.0,1325.0
1641993883,39ac45,43.66441629700741,1.2401471819196428,131.0,124.4183644790562,-64.0,SAMU31,False,False,False,7015.0,625.0,1300.0
1641993884,39ac45,43.664090431342686,1.2408665248325892,131.0,124.4183644790562,0.0,SAMU31,False,False,False,7015.0,625.0,1325.0
1641993885,39ac45,43.66371801344015,1.2415204729352678,130.0,124.6672994840782,0.0,SAMU31,False,False,False,7015.0,650.0,1325.0
1641993886,39ac45,43.66339214777542,1.2422398158482142,130.0,124.6672994840782,0.0,SAMU31,False,False,False,7015.0,625.0,1325.0
1641993887,39ac45,43.66301972987288,1.2428937639508928,131.0,124.4183644790562,0.0,SAMU31,False,False,False,7015.0,625.0,1300.0
1641993888,39ac45,43.66269386420816,1.2436131068638392,131.0,124.4183644790562,-64.0,SAMU31,False,False,False,7015.0,625.0,1300.0
1641993889,39ac45,43.66236799854343,1.2442670549665178,131.0,124.4183644790562,0.0,SAMU31,False,False,False,7015.0,650.0,1325.0
1641993890,39ac45,43.66199558064089,1.2449863978794642,131.0,124.4183644790562,128.0,SAMU31,False,False,False,7015.0,650.0,1325.0
1641993891,39ac45,43.66162316273834,1.2457711356026786,130.0,124.6672994840782,64.0,SAMU31,False,False,False,7015.0,650.0,1325.0
1641993892,39ac45,43.661224365234375,1.2465649981831397,130.0,124.6672994840782,128.0,SAMU31,False,False,False,7015.0,650.0,1325.0
1641993893,39ac45,43.66092487917108,1.2471444266183036,131.0,124.4183644790562,0.0,SAMU31,False,False,False,7015.0,650.0,1325.0
1641993894,39ac45,43.66053771972656,1.2479063521984013,131.0,124.77783136636388,-64.0,SAMU31,False,False,False,7015.0,650.0,1325.0
1641993895,39ac45,43.66022659560381,1.2485177176339286,131.0,124.4183644790562,-64.0,SAMU31,False,False,False,7015.0,625.0,1300.0
1641993896,39ac45,43.65990072993909,1.249237060546875,131.0,124.77783136636388,-192.0,SAMU31,False,False,False,7015.0,625.0,1300.0
1641993897,39ac45,43.65952831203654,1.2498910086495536,131.0,124.77783136636388,-192.0,SAMU31,False,False,False,7015.0,625.0,1300.0
1641993898,39ac45,43.65920244637182,1.2506103515625,132.0,125.13419305691563,-256.0,SAMU31,False,False,False,7015.0,625.0,1300.0
1641993899,39ac45,43.65888977050781,1.251227800236192,132.0,124.53082574228856,-256.0,SAMU31,False,False,False,7015.0,625.0,1300.0
1641993900,39ac45,43.65852355957031,1.251930414244186,132.0,124.53082574228856,-320.0,SAMU31,False,False,False,7015.0,625.0,1300.0
1641993901,39ac45,43.65813174490201,1.2527029854910714,132.0,124.53082574228856,-128.0,SAMU31,False,False,False,7015.0,625.0,1300.0
1641993902,39ac45,43.65780587923729,1.25335693359375,131.0,124.77783136636388,64.0,SAMU31,False,False,False,7015.0,625.0,1300.0
1641993903,39ac45,43.657470703125,1.253974382267442,132.0,124.1725468961746,0.0,SAMU31,False,False,False,7015.0,600.0,1275.0
1641993904,39ac45,43.65710759567002,1.2547956194196428,132.0,124.1725468961746,0.0,SAMU31,False,False,False,7015.0,600.0,1275.0
1641993905,39ac45,43.65673828125,1.255507358284884,132.0,124.1725468961746,-128.0,SAMU31,False,False,False,7015.0,600.0,1275.0
1641993906,39ac45,43.65650939941406,1.255954476289971,132.0,124.1725468961746,-128.0,SAMU31,False,False,False,7015.0,625.0,1300.0
1641993907,39ac45,43.65612999867584,1.2566920689174106,132.0,124.1725468961746,0.0,SAMU31,False,False,False,7015.0,600.0,1275.0
1641993908,39ac45,43.65568542480469,1.2576152003088663,131.0,124.4183644790562,0.0,SAMU31,False,False,False,7015.0,600.0,1300.0
1641993909,39ac45,43.655548095703125,1.2578706963117734,131.0,124.77783136636388,0.0,SAMU31,False,False,False,7015.0,600.0,1275.0
1641993910,39ac45,43.65515240168167,1.2586539132254464,131.0,124.77783136636388,-128.0,SAMU31,False,False,False,7015.0,600.0,1275.0
1641993911,39ac45,43.65477998377913,1.2594386509486606,131.0,124.4183644790562,-64.0,SAMU31,False,False,False,7015.0,600.0,1275.0
1641993912,39ac45,43.65440756587659,1.2601579938616072,131.0,124.4183644790562,0.0,SAMU31,False,False,False,7015.0,625.0,1300.0
1641993913,39ac45,43.65403747558594,1.260936648346657,131.0,124.4183644790562,128.0,SAMU31,False,False,False,7015.0,625.0,1300.0
1641993914,39ac45,43.65370928230932,1.2615312848772322,130.0,124.6672994840782,192.0,SAMU31,False,False,False,7015.0,600.0,1300.0
1641993915,39ac45,43.653350830078125,1.262278002361919,131.0,125.02794231266893,64.0,SAMU31,False,False,False,7015.0,625.0,1300.0
1641993916,39ac45,43.653057550979874,1.2629045758928572,130.0,124.6672994840782,128.0,SAMU31,False,False,False,7015.0,625.0,1300.0
1641993917,39ac45,43.65266418457031,1.2636193563771805,130.0,125.28120779717436,128.0,SAMU31,False,False,False,7015.0,625.0,1300.0
1641993918,39ac45,43.65229797363281,1.2643219703851745,130.0,125.28120779717436,128.0,SAMU31,False,False,False,7015.0,625.0,1300.0
1641993919,39ac45,43.65194029727224,1.2650626046316964,130.0,125.28120779717436,0.0,SAMU31,False,False,False,7015.0,625.0,1300.0
1641993920,39ac45,43.65152132713188,1.2658473423549106,130.0,124.6672994840782,-64.0,SAMU31,False,False,False,7015.0,625.0,1300.0
1641993921,39ac45,43.65119934082031,1.266493686409884,130.0,124.6672994840782,0.0,SAMU31,False,False,False,7015.0,625.0,1300.0
1641993922,39ac45,43.65087890625,1.267196300417878,129.0,124.9194020124577,64.0,SAMU31,False,False,False,7015.0,625.0,1300.0
1641993923,39ac45,43.650590282375525,1.2678091866629464,130.0,124.3034892642219,64.0,SAMU31,False,False,False,7015.0,625.0,1300.0
1641993924,39ac45,43.650217864472985,1.268463134765625,130.0,124.3034892642219,64.0,SAMU31,False,False,False,7015.0,625.0,1300.0
1641993925,39ac45,43.64987182617188,1.269240268441134,130.0,124.05578030093248,0.0,SAMU31,False,False,False,7015.0,625.0,1300.0
1641993926,39ac45,43.64951958090572,1.2699018205915178,130.0,123.6900675259798,128.0,SAMU31,False,False,False,7015.0,650.0,1325.0
1641993927,39ac45,43.649322509765625,1.2703261264534884,130.0,123.6900675259798,256.0,SAMU31,False,False,False,7015.0,650.0,1325.0
1641993928,39ac45,43.64896095405191,1.2710789271763392,129.0,123.32121567193958,192.0,SAMU31,False,False,False,7015.0,625.0,1300.0
1641993929,39ac45,43.64858853614936,1.2719290597098214,129.0,123.32121567193958,0.0,SAMU31,False,False,False,7015.0,625.0,1300.0
1641993930,39ac45,43.64840698242188,1.2722423464752908,129.0,123.32121567193958,0.0,SAMU31,False,False,False,7015.0,625.0,1300.0
1641993931,39ac45,43.64794921875,1.273200456486192,129.0,123.32121567193958,0.0,SAMU31,False,False,False,7015.0,650.0,1325.0
1641993932,39ac45,43.647564386917374,1.273956298828125,128.0,123.56631873457331,192.0,SAMU31,False,False,False,7015.0,650.0,1325.0
1641993933,39ac45,43.647238521252646,1.2746756417410714,128.0,123.56631873457331,320.0,SAMU31,False,False,False,7015.0,650.0,1325.0
1641993934,39ac45,43.64689636230469,1.2753721725109013,129.0,123.32121567193958,256.0,SAMU31,False,False,False,7015.0,650.0,1325.0
1641993935,39ac45,43.6465867899232,1.2760489327566964,128.0,123.56631873457331,128.0,SAMU31,False,False,False,7015.0,650.0,1325.0
1641993936,39ac45,43.64630126953125,1.276649652525436,128.0,123.19293657840146,64.0,SAMU31,False,False,False,7015.0,650.0,1325.0
1641993937,39ac45,43.64598083496094,1.2772883925327037,128.0,123.56631873457331,0.0,SAMU31,False,False,False,7015.0,650.0,1325.0
1641993938,39ac45,43.64560919292902,1.278076171875,128.0,123.56631873457331,128.0,SAMU31,False,False,False,7015.0,650.0,1325.0
1641993939,39ac45,43.6452833272643,1.2787301199776786,128.0,123.56631873457331,128.0,SAMU31,False,False,False,7015.0,650.0,1325.0
1641993940,39ac45,43.64491090936176,1.2795802525111606,128.0,123.56631873457331,128.0,SAMU31,False,False,False,7015.0,650.0,1325.0
1641993941,39ac45,43.64458504369704,1.2802342006138392,129.0,122.94921511659044,64.0,SAMU31,False,False,False,7015.0,650.0,1325.0
1641993942,39ac45,43.644287109375,1.2808653365734013,129.0,122.94921511659044,64.0,SAMU31,False,False,False,7015.0,650.0,1325.0
1641993943,39ac45,43.6439798646054,1.2814767020089286,128.0,123.19293657840146,64.0,SAMU31,False,False,False,7015.0,650.0,1325.0
1641993944,39ac45,43.64365399894068,1.282196044921875,128.0,123.56631873457331,0.0,SAMU31,False,False,False,7015.0,650.0,1325.0
1641993945,39ac45,43.64332813327595,1.2828499930245536,129.0,122.94921511659044,0.0,SAMU31,False,False,False,7015.0,650.0,1325.0
1641993946,39ac45,43.64300226761123,1.2835693359375,128.0,123.19293657840146,64.0,SAMU31,False,False,False,7015.0,675.0,1350.0
1641993947,39ac45,43.64263916015625,1.2843145326126455,128.0,123.56631873457331,64.0,SAMU31,False,False,False,7015.0,650.0,1350.0
1641993948,39ac45,43.6424560546875,1.284697776617006,128.0,123.56631873457331,128.0,SAMU31,False,False,False,7015.0,675.0,1350.0
1641993949,39ac45,43.64207122285488,1.2854657854352678,128.0,123.56631873457331,128.0,SAMU31,False,False,False,7015.0,675.0,1350.0
1641993950,39ac45,43.641791909427965,1.2860543387276786,128.0,123.56631873457331,64.0,SAMU31,False,False,False,7015.0,675.0,1350.0
1641993951,39ac45,43.64141949152542,1.2868390764508928,128.0,123.56631873457331,0.0,SAMU31,False,False,False,7015.0,675.0,1350.0
1641993952,39ac45,43.64108276367188,1.2875721066497094,128.0,123.56631873457331,64.0,SAMU31,False,False,False,7015.0,675.0,1325.0
1641993953,39ac45,43.64072120795816,1.2883431570870536,129.0,123.93649946665673,0.0,SAMU31,False,False,False,7015.0,675.0,1350.0
1641993954,39ac45,43.64039611816406,1.288913460664971,129.0,123.93649946665673,64.0,SAMU31,False,False,False,7015.0,675.0,1350.0
1641993955,39ac45,43.64007568359375,1.2896160746729652,129.0,124.5543779434749,64.0,SAMU31,False,False,False,7015.0,675.0,1350.0
1641993956,39ac45,43.63970947265625,1.2903186886809594,129.0,124.5543779434749,64.0,SAMU31,False,False,False,7015.0,675.0,1350.0
1641993957,39ac45,43.63937119306144,1.2909589494977678,129.0,124.5543779434749,64.0,SAMU31,False,False,False,7015.0,675.0,1350.0
1641993958,39ac45,43.63904532739672,1.2916782924107142,129.0,124.9194020124577,64.0,SAMU31,False,False,False,7015.0,675.0,1350.0
1641993959,39ac45,43.63871946173199,1.292266845703125,129.0,124.9194020124577,0.0,SAMU31,False,False,False,7015.0,675.0,1350.0
1641993960,39ac45,43.63839359606727,1.2929207938058036,129.0,124.5543779434749,0.0,SAMU31,False,False,False,7015.0,675.0,1350.0
1641993961,39ac45,43.63811428264036,1.2934439522879464,129.0,124.5543779434749,64.0,SAMU31,False,False,False,7015.0,675.0,1350.0
1641993962,39ac45,43.63760220802436,1.2944902692522322,129.0,124.5543779434749,0.0,SAMU31,False,False,False,7015.0,675.0,1350.0
1641993963,39ac45,43.63722979012182,1.2952096121651786,129.0,124.5543779434749,0.0,SAMU31,False,False,False,7015.0,675.0,1350.0
1641993964,39ac45,43.63709013340837,1.29547119140625,128.0,125.17472295785151,64.0,SAMU31,False,False,False,7015.0,675.0,1350.0
1641993965,39ac45,43.63676426774365,1.2961905343191964,128.0,125.17472295785151,0.0,SAMU31,False,False,False,7015.0,675.0,1350.0
1641993966,39ac45,43.63657805879237,1.2965829031808036,128.0,125.17472295785151,64.0,SAMU31,False,False,False,7015.0,675.0,1350.0
1641993967,39ac45,43.63604736328125,1.2975364507630816,128.0,125.17472295785151,0.0,SAMU31,False,False,False,7015.0,675.0,1350.0
1641993968,39ac45,43.635589599609375,1.2984945607739826,128.0,125.17472295785151,64.0,SAMU31,False,False,False,7015.0,675.0,1350.0
1641993969,39ac45,43.63522804389566,1.2991986955915178,128.0,124.8084981499723,64.0,SAMU31,False,False,False,7015.0,675.0,1350.0
1641993970,39ac45,43.63494873046875,1.2997872488839286,128.0,124.8084981499723,0.0,SAMU31,False,False,False,7015.0,675.0,1350.0
1641993971,39ac45,43.63466941704184,1.3003104073660714,128.0,125.17472295785151,64.0,SAMU31,False,False,False,7015.0,675.0,1350.0
1641993972,39ac45,43.6342969991393,1.30096435546875,128.0,125.17472295785151,128.0,SAMU31,False,False,False,7015.0,675.0,1350.0
1641993973,39ac45,43.633971133474574,1.3016183035714286,128.0,125.17472295785151,128.0,SAMU31,False,False,False,7015.0,675.0,1350.0
1641993974,39ac45,43.63364526780985,1.3022722516741072,128.0,125.17472295785151,128.0,SAMU31,False,False,False,7015.0,700.0,1375.0
1641993975,39ac45,43.63325500488281,1.3030296148255816,128.0,125.17472295785151,64.0,SAMU31,False,False,False,7015.0,700.0,1375.0
1641993976,39ac45,43.63294698424258,1.3036455426897322,128.0,125.17472295785151,192.0,SAMU31,False,False,False,7015.0,700.0,1375.0
1641993977,39ac45,43.632568359375,1.3043709688408431,128.0,125.17472295785151,192.0,SAMU31,False,False,False,7015.0,700.0,1375.0
1641993978,39ac45,43.6322021484375,1.3050735828488371,128.0,125.17472295785151,256.0,SAMU31,False,False,False,7015.0,700.0,1375.0
1641993979,39ac45,43.631927490234375,1.305648448855378,129.0,125.5376777919744,192.0,SAMU31,False,False,False,7015.0,700.0,1375.0
1641993980,39ac45,43.63155041710805,1.3063267299107142,129.0,126.15818543980834,192.0,SAMU31,False,False,False,7015.0,700.0,1375.0
1641993981,39ac45,43.63122455144333,1.306915283203125,130.0,125.89737751170809,-64.0,SAMU31,False,False,False,7015.0,700.0,1375.0
1641993982,39ac45,43.63071247682733,1.3078962053571428,130.0,125.89737751170809,-128.0,SAMU31,False,False,False,7015.0,700.0,1375.0
1641993983,39ac45,43.63050842285156,1.3082672828851745,130.0,125.89737751170809,-64.0,SAMU31,False,False,False,7015.0,700.0,1375.0
1641993984,39ac45,43.63015384997352,1.3090079171316964,129.0,126.15818543980834,0.0,SAMU31,False,False,False,7015.0,700.0,1375.0
1641993985,39ac45,43.629730224609375,1.3097363849018897,129.0,126.5156778650296,128.0,SAMU31,False,False,False,7015.0,700.0,1375.0
1641993986,39ac45,43.62940979003906,1.310375124909157,129.0,126.5156778650296,192.0,SAMU31,False,False,False,7015.0,700.0,1375.0
1641993987,39ac45,43.62922280521716,1.3107081821986606,129.0,127.13597520450048,192.0,SAMU31,False,False,False,7015.0,700.0,1375.0
1641993988,39ac45,43.628664178363344,1.3116891043526786,129.0,127.13597520450048,64.0,SAMU31,False,False,False,7015.0,700.0,1375.0
1641993989,39ac45,43.6282917604608,1.3123430524553572,129.0,127.13597520450048,64.0,SAMU31,False,False,False,7015.0,700.0,1375.0
1641993990,39ac45,43.62785339355469,1.313121706940407,130.0,127.48785589694728,0.0,SAMU31,False,False,False,7015.0,700.0,1375.0
1641993991,39ac45,43.62768658136917,1.3134547642299106,130.0,127.48785589694728,0.0,SAMU31,False,False,False,7015.0,700.0,1375.0
1641993992,39ac45,43.62712795451536,1.3145010811941964,130.0,127.48785589694728,-64.0,SAMU31,False,False,False,7015.0,700.0,1375.0
1641993993,39ac45,43.62675553661282,1.315155029296875,129.0,127.13597520450048,-64.0,SAMU31,False,False,False,7015.0,700.0,1375.0
1641993994,39ac45,43.62652277542373,1.3155473981584822,129.0,127.13597520450048,-128.0,SAMU31,False,False,False,7015.0,700.0,1375.0
1641993995,39ac45,43.62615035752118,1.3162667410714286,129.0,127.13597520450048,0.0,SAMU31,False,False,False,7015.0,700.0,1375.0
1641993996,39ac45,43.62574768066406,1.3170180209847384,129.0,127.13597520450048,0.0,SAMU31,False,False,False,7015.0,700.0,1375.0
1641993997,39ac45,43.62538146972656,1.317656760992006,129.0,127.7581331410838,192.0,SAMU31,False,False,False,7015.0,725.0,1400.0
1641993998,39ac45,43.62496948242188,1.318359375,129.0,127.7581331410838,256.0,SAMU31,False,False,False,7015.0,725.0,1400.0
1641993999,39ac45,43.6246141336732,1.3190133231026786,129.0,127.7581331410838,0.0,SAMU31,False,False,False,7015.0,725.0,1375.0
1641994000,39ac45,43.624420166015625,1.3193174850109013,129.0,127.7581331410838,128.0,SAMU31,False,False,False,7015.0,725.0,1400.0
1641994001,39ac45,43.62400817871094,1.320083973019622,129.0,127.7581331410838,64.0,SAMU31,False,False,False,7015.0,725.0,1400.0
1641994002,39ac45,43.62350463867188,1.3209782090297966,129.0,127.7581331410838,0.0,SAMU31,False,False,False,7015.0,725.0,1400.0
1641994003,39ac45,43.62317101430085,1.321563720703125,129.0,127.7581331410838,192.0,SAMU31,False,False,False,7015.0,725.0,1400.0
1641994004,39ac45,43.62286376953125,1.3220640670421513,129.0,127.7581331410838,64.0,SAMU31,False,False,False,7015.0,725.0,1400.0
1641994005,39ac45,43.6225192829714,1.3227408272879464,128.0,128.03174325862147,64.0,SAMU31,False,False,False,7015.0,725.0,1400.0
1641994006,39ac45,43.622146865068856,1.323394775390625,128.0,128.03174325862147,0.0,SAMU31,False,False,False,7015.0,725.0,1400.0
1641994007,39ac45,43.62181091308594,1.3239802870639537,128.0,128.03174325862147,0.0,SAMU31,False,False,False,7015.0,725.0,1400.0
1641994008,39ac45,43.62144858150159,1.3245718819754464,129.0,127.7581331410838,0.0,SAMU31,False,False,False,7015.0,725.0,1400.0
1641994009,39ac45,43.62093650688559,1.3254874093191964,128.0,127.40535663140857,0.0,SAMU31,False,False,False,7015.0,725.0,1400.0
1641994010,39ac45,43.62057495117188,1.3261520030886629,129.0,127.7581331410838,0.0,SAMU31,False,False,False,7015.0,725.0,1400.0
1641994011,39ac45,43.62057495117188,1.3261520030886629,129.0,127.7581331410838,64.0,SAMU31,False,False,False,7015.0,725.0,1400.0
1641994012,39ac45,43.620052014367054,1.327056884765625,128.0,127.40535663140857,0.0,SAMU31,False,False,False,7015.0,725.0,1400.0
1641994013,39ac45,43.619476318359375,1.328132097111192,128.0,127.40535663140857,64.0,SAMU31,False,False,False,7015.0,725.0,1400.0
1641994014,39ac45,43.61916752184852,1.3286917550223214,128.0,127.40535663140857,128.0,SAMU31,False,False,False,7015.0,725.0,1400.0
1641994015,39ac45,43.61874855170816,1.3294110979352678,128.0,127.40535663140857,192.0,SAMU31,False,False,False,7015.0,725.0,1400.0
1641994016,39ac45,43.61842346191406,1.3300483171329942,128.0,127.40535663140857,192.0,SAMU31,False,False,False,7015.0,725.0,1400.0
1641994017,39ac45,43.6180968203787,1.3306535993303572,128.0,127.40535663140857,128.0,SAMU31,False,False,False,7015.0,750.0,1425.0
1641994018,39ac45,43.61773681640625,1.3311980491460758,129.0,127.13597520450048,0.0,SAMU31,False,False,False,7015.0,725.0,1400.0
1641994019,39ac45,43.617445089049255,1.3318307059151786,129.0,127.13597520450048,-64.0,SAMU31,False,False,False,7015.0,725.0,1400.0
1641994020,39ac45,43.61697956667108,1.3326154436383928,128.0,127.40535663140857,-64.0,SAMU31,False,False,False,7015.0,725.0,1400.0
1641994021,39ac45,43.61665370100636,1.3332693917410714,128.0,127.40535663140857,0.0,SAMU31,False,False,False,7015.0,725.0,1400.0
1641994022,39ac45,43.61631774902344,1.333816883175872,128.0,127.40535663140857,-64.0,SAMU31,False,False,False,7015.0,725.0,1400.0
1641994023,39ac45,43.61585998535156,1.33464724518532,129.0,126.78079075110092,0.0,SAMU31,False,False,False,7015.0,725.0,1400.0
1641994024,39ac45,43.61558532714844,1.335158237191134,129.0,126.78079075110092,0.0,SAMU31,False,False,False,7015.0,725.0,1400.0
1641994025,39ac45,43.61525713387182,1.33575439453125,129.0,126.15818543980834,64.0,SAMU31,False,False,False,7015.0,725.0,1400.0
1641994026,39ac45,43.61489868164063,1.336435717205669,128.0,125.79740302797836,128.0,SAMU31,False,False,False,7015.0,725.0,1400.0
1641994027,39ac45,43.61455885030456,1.3370622907366072,128.0,125.17472295785151,64.0,SAMU31,False,False,False,7015.0,725.0,1425.0
1641994028,39ac45,43.61421203613281,1.3377770712209305,129.0,124.5543779434749,64.0,SAMU31,False,False,False,7015.0,725.0,1400.0
1641994029,39ac45,43.6138916015625,1.3384796852289245,129.0,123.93649946665673,-64.0,SAMU31,False,False,False,7015.0,725.0,1400.0
1641994030,39ac45,43.61353470107256,1.3391549246651786,129.0,122.94921511659044,-64.0,SAMU31,False,False,False,7015.0,725.0,1400.0
1641994031,39ac45,43.61320883540784,1.3399396623883928,129.0,121.72360295768404,-64.0,SAMU31,False,False,False,7015.0,725.0,1400.0
1641994032,39ac45,43.61288296974311,1.3406590053013392,129.0,120.7354877019201,0.0,SAMU31,False,False,False,7015.0,725.0,1400.0
1641994033,39ac45,43.61260986328125,1.3412901412609013,129.0,119.74488129694224,0.0,SAMU31,False,False,False,7015.0,725.0,1400.0
1641994034,39ac45,43.6123243428893,1.3420322963169642,129.0,118.75236842721436,0.0,SAMU31,False,False,False,7015.0,725.0,1400.0
1641994035,39ac45,43.612060546875,1.3427592432776163,129.0,117.75854060106003,128.0,SAMU31,False,False,False,7015.0,750.0,1425.0
1641994036,39ac45,43.61174011230469,1.3435257312863371,128.0,117.36354692739172,192.0,SAMU31,False,False,False,7015.0,750.0,1400.0
1641994037,39ac45,43.61143985037076,1.3443865094866072,129.0,116.76399405643863,320.0,SAMU31,False,False,False,7015.0,750.0,1425.0
1641994038,39ac45,43.611160536943856,1.3451712472098214,128.0,116.3654151225536,128.0,SAMU31,False,False,False,7015.0,750.0,1425.0
1641994039,39ac45,43.6109619140625,1.3457613213117734,128.0,115.36740446246962,0.0,SAMU31,False,False,False,7015.0,725.0,1400.0
1641994040,39ac45,43.61074156680349,1.3464791434151786,128.0,114.37012005387383,-128.0,SAMU31,False,False,False,7015.0,725.0,1400.0
1641994041,39ac45,43.61050880561441,1.3471330915178572,128.0,113.96248897457818,-128.0,SAMU31,False,False,False,7015.0,750.0,1425.0
1641994042,39ac45,43.6102294921875,1.3479969113372094,129.0,112.38013505195958,-128.0,SAMU31,False,False,False,7015.0,725.0,1400.0
1641994043,39ac45,43.61004638671875,1.3487633993459305,128.0,111.5519374220422,0.0,SAMU31,False,False,False,7015.0,725.0,1400.0
1641994044,39ac45,43.60981750488281,1.3495298873546513,128.0,110.55604521958348,0.0,SAMU31,False,False,False,7015.0,750.0,1425.0
1641994045,39ac45,43.60962431309586,1.3502720424107142,128.0,110.55604521958348,0.0,SAMU31,False,False,False,7015.0,750.0,1400.0
1641994046,39ac45,43.609438104144594,1.3509913853236606,128.0,109.56378361958268,0.0,SAMU31,False,False,False,7015.0,725.0,1400.0
1641994047,39ac45,43.60920534295551,1.3518415178571428,128.0,109.14226819146629,0.0,SAMU31,False,False,False,7015.0,750.0,1425.0
1641994048,39ac45,43.60901913400424,1.3525608607700892,128.0,108.71858897867985,-64.0,SAMU31,False,False,False,7015.0,750.0,1425.0
1641994049,39ac45,43.608832925052965,1.3533455984933036,128.0,108.15270588665116,-64.0,SAMU31,False,False,False,7015.0,725.0,1400.0
1641994050,39ac45,43.60862731933594,1.3541926894077037,128.0,107.72762945437776,64.0,SAMU31,False,False,False,7015.0,750.0,1425.0
1641994051,39ac45,43.60844421386719,1.3550230514171513,128.0,107.72762945437776,64.0,SAMU31,False,False,False,7015.0,750.0,1425.0
1641994052,39ac45,43.60832085043697,1.3556344168526786,128.0,107.72762945437776,64.0,SAMU31,False,False,False,7015.0,725.0,1400.0
1641994053,39ac45,43.6081346414857,1.3564845493861606,128.0,107.72762945437776,0.0,SAMU31,False,False,False,7015.0,725.0,1425.0
1641994054,39ac45,43.60798645019531,1.357067019440407,128.0,107.300527191945,0.0,SAMU31,False,False,False,7015.0,725.0,1400.0
1641994055,39ac45,43.60780334472656,1.3577696334484013,128.0,107.300527191945,-192.0,SAMU31,False,False,False,7015.0,725.0,1400.0
1641994056,39ac45,43.60752946239407,1.3589695521763392,128.0,107.72762945437776,-128.0,SAMU31,False,False,False,7015.0,725.0,1400.0
1641994057,39ac45,43.60748291015625,1.3593026094658431,128.0,107.72762945437776,-64.0,SAMU31,False,False,False,7015.0,725.0,1400.0
1641994058,39ac45,43.6072998046875,1.3601329714752908,129.0,107.5924245621816,64.0,SAMU31,False,False,False,7015.0,725.0,1400.0
1641994059,39ac45,43.60711669921875,1.3608994594840118,129.0,107.5924245621816,64.0,SAMU31,False,False,False,7015.0,725.0,1400.0
1641994060,39ac45,43.60693359375,1.3617298214934594,129.0,107.5924245621816,64.0,SAMU31,False,False,False,7015.0,750.0,1400.0
1641994061,39ac45,43.60673807435116,1.3625662667410714,129.0,107.168172435182,64.0,SAMU31,False,False,False,7015.0,725.0,1400.0
1641994062,39ac45,43.60655186539989,1.3632856096540178,129.0,107.168172435182,64.0,SAMU31,False,False,False,7015.0,725.0,1400.0
1641994063,39ac45,43.6063191042108,1.3643319266183036,128.0,106.74197038529311,0.0,SAMU31,False,False,False,7015.0,725.0,1425.0
1641994064,39ac45,43.606132895259535,1.3651820591517856,128.0,106.74197038529311,0.0,SAMU31,False,False,False,7015.0,750.0,1400.0
1641994065,39ac45,43.60594668630826,1.3660321916852678,128.0,106.31385242626057,64.0,SAMU31,False,False,False,7015.0,750.0,1425.0
1641994066,39ac45,43.60580702959481,1.3667515345982142,128.0,106.31385242626057,0.0,SAMU31,False,False,False,7015.0,725.0,1400.0
1641994067,39ac45,43.60565185546875,1.3675423555595931,129.0,106.18920625702695,0.0,SAMU31,False,False,False,7015.0,725.0,1400.0
1641994068,39ac45,43.6055277161679,1.3681902204241072,129.0,105.76214776397256,0.0,SAMU31,False,False,False,7015.0,725.0,1400.0
1641994069,39ac45,43.60534150721663,1.3690403529575892,129.0,105.33328479305356,-64.0,SAMU31,False,False,False,7015.0,750.0,1425.0
1641994070,39ac45,43.60520185050318,1.3698250906808036,129.0,105.76214776397256,64.0,SAMU31,False,False,False,7015.0,750.0,1425.0
1641994071,39ac45,43.60501564155191,1.3706752232142856,129.0,105.76214776397256,192.0,SAMU31,False,False,False,7015.0,750.0,1425.0
1641994072,39ac45,43.60482943260063,1.3715253557477678,129.0,104.78867761416518,128.0,SAMU31,False,False,False,7015.0,750.0,1425.0
1641994073,39ac45,43.604736328125,1.372269031613372,129.0,103.9283419391537,128.0,SAMU31,False,False,False,7015.0,750.0,1425.0
1641994074,39ac45,43.60455011917373,1.3731602260044642,129.0,103.4957332807958,-64.0,SAMU31,False,False,False,7015.0,750.0,1425.0
1641994075,39ac45,43.60450356693591,1.3735525948660714,129.0,102.09475707701212,-192.0,SAMU31,False,False,False,7015.0,725.0,1400.0
1641994076,39ac45,43.6043701171875,1.374312999636628,128.0,101.22245806944484,-128.0,SAMU31,False,False,False,7015.0,725.0,1400.0
1641994077,39ac45,43.604278564453125,1.3751433616460758,128.0,100.34485748147522,-128.0,SAMU31,False,False,False,7015.0,725.0,1400.0
1641994078,39ac45,43.60413114903336,1.37603759765625,129.0,99.38914756133126,-64.0,SAMU31,False,False,False,7015.0,725.0,1400.0
1641994079,39ac45,43.60408459679555,1.3768223353794642,128.0,98.50870331627031,0.0,SAMU31,False,False,False,7015.0,725.0,1400.0
1641994080,39ac45,43.60400390625,1.377634447674419,128.0,96.73601121411936,0.0,SAMU31,False,False,False,7015.0,725.0,1400.0
1641994081,39ac45,43.603944940082094,1.3784572056361606,128.0,95.84456587738688,0.0,SAMU31,False,False,False,7015.0,725.0,1400.0
1641994082,39ac45,43.60386657714844,1.3793590456940408,128.0,94.911788172506,0.0,SAMU31,False,False,False,7015.0,725.0,1400.0
1641994083,39ac45,43.60380528336864,1.3802228655133928,128.0,94.02199017702011,0.0,SAMU31,False,False,False,7015.0,725.0,1400.0
1641994084,39ac45,43.60380528336864,1.3807460239955356,128.0,93.1302448622191,-128.0,SAMU31,False,False,False,7015.0,725.0,1400.0
1641994085,39ac45,43.60375873113082,1.3817269461495536,127.0,92.25457496593503,-320.0,SAMU31,False,False,False,7015.0,725.0,1400.0
1641994086,39ac45,43.60372924804688,1.3826166197311047,127.0,91.8039951162006,-256.0,SAMU31,False,False,False,7015.0,725.0,1400.0
1641994087,39ac45,43.60372924804688,1.3833831077398258,127.0,91.35319195377971,-128.0,SAMU31,False,False,False,7015.0,725.0,1400.0
1641994088,39ac45,43.60372924804688,1.3844689657521805,126.0,90.90938044919916,128.0,SAMU31,False,False,False,7015.0,725.0,1400.0
1641994089,39ac45,43.603712178893005,1.3849312918526786,126.0,90.45471886169317,384.0,SAMU31,False,False,False,7015.0,750.0,1425.0
1641994090,39ac45,43.603712178893005,1.3859776088169642,126.0,90.45471886169317,384.0,SAMU31,False,False,False,7015.0,750.0,1425.0
1641994091,39ac45,43.603712178893005,1.3868931361607142,126.0,90.0,320.0,SAMU31,False,False,False,7015.0,750.0,1425.0
1641994092,39ac45,43.603712178893005,1.3873508998325892,125.0,89.54164354199956,128.0,SAMU31,False,False,False,7015.0,750.0,1425.0
1641994093,39ac45,43.60372924804688,1.3881736577943316,125.0,89.08334574361471,0.0,SAMU31,False,False,False,7015.0,750.0,1425.0
1641994094,39ac45,43.603712178893005,1.3889203752790178,125.0,89.08334574361471,-64.0,SAMU31,False,False,False,7015.0,750.0,1425.0
1641994095,39ac45,43.60375873113082,1.3899012974330356,125.0,89.08334574361471,256.0,SAMU31,False,False,False,7015.0,775.0,1425.0
1641994096,39ac45,43.60375873113082,1.39068603515625,125.0,89.08334574361471,320.0,SAMU31,False,False,False,7015.0,775.0,1450.0
1641994097,39ac45,43.60375873113082,1.3914707728794642,125.0,88.6251652194306,384.0,SAMU31,False,False,False,7015.0,750.0,1425.0
1641994098,39ac45,43.60377502441406,1.3921977198401163,125.0,88.6251652194306,192.0,SAMU31,False,False,False,7015.0,750.0,1450.0
1641994099,39ac45,43.60377502441406,1.3929642078488371,126.0,88.63607246839709,0.0,SAMU31,False,False,False,7015.0,775.0,1450.0
1641994100,39ac45,43.60380528336864,1.3937595912388392,125.0,88.16716049405795,64.0,SAMU31,False,False,False,7015.0,775.0,1450.0
1641994101,39ac45,43.60380528336864,1.394805908203125,126.0,88.18169703554817,64.0,SAMU31,False,False,False,7015.0,775.0,1450.0
1641994102,39ac45,43.60385183560646,1.3955906459263392,126.0,88.18169703554817,128.0,SAMU31,False,False,False,7015.0,775.0,1450.0
1641994103,39ac45,43.60385183560646,1.3963753836495536,126.0,87.72755026721707,192.0,SAMU31,False,False,False,7015.0,775.0,1450.0
1641994104,39ac45,43.60389838784428,1.3968331473214286,126.0,87.72755026721707,64.0,SAMU31,False,False,False,7015.0,775.0,1450.0
1641994105,39ac45,43.60389838784428,1.3977486746651786,126.0,87.72755026721707,128.0,SAMU31,False,False,False,7015.0,775.0,1450.0
1641994106,39ac45,43.603912353515625,1.3985851199127908,126.0,88.18169703554817,64.0,SAMU31,False,False,False,7015.0,775.0,1450.0
1641994107,39ac45,43.603944940082094,1.3997105189732142,127.0,88.19600488379942,0.0,SAMU31,False,False,False,7015.0,775.0,1450.0
1641994108,39ac45,43.603944940082094,1.4001028878348214,127.0,88.19600488379942,0.0,SAMU31,False,False,False,7015.0,775.0,1450.0
1641994109,39ac45,43.60395812988281,1.401076205941134,127.0,88.19600488379942,128.0,SAMU31,False,False,False,7015.0,775.0,1450.0
1641994110,39ac45,43.60400390625,1.401778819949128,127.0,88.19600488379942,64.0,SAMU31,False,False,False,7015.0,775.0,1450.0
1641994111,39ac45,43.60399149231991,1.4025224958147322,127.0,88.19600488379942,192.0,SAMU31,False,False,False,7015.0,775.0,1450.0
1641994112,39ac45,43.60403804455773,1.4033072335379464,127.0,88.19600488379942,192.0,SAMU31,False,False,False,7015.0,800.0,1475.0
1641994113,39ac45,43.60404968261719,1.4042060319767442,127.0,88.19600488379942,64.0,SAMU31,False,False,False,7015.0,800.0,1450.0
1641994114,39ac45,43.60408459679555,1.4050728934151786,128.0,88.21008939175394,64.0,SAMU31,False,False,False,7015.0,800.0,1475.0
1641994115,39ac45,43.604095458984375,1.4058667559956397,128.0,88.21008939175394,0.0,SAMU31,False,False,False,7015.0,775.0,1475.0
1641994116,39ac45,43.604095458984375,1.4066332440043603,128.0,88.21008939175394,-64.0,SAMU31,False,False,False,7015.0,775.0,1450.0
1641994117,39ac45,43.60413114903336,1.4074925013950892,128.0,88.21008939175394,0.0,SAMU31,False,False,False,7015.0,800.0,1475.0
1641994118,39ac45,43.60414123535156,1.4083578420239826,128.0,88.21008939175394,64.0,SAMU31,False,False,False,7015.0,800.0,1475.0
1641994119,39ac45,43.60413114903336,1.4090619768415178,128.0,88.21008939175394,64.0,SAMU31,False,False,False,7015.0,800.0,1475.0
1641994120,39ac45,43.60414123535156,1.410018566042878,128.0,88.65737597346224,128.0,SAMU31,False,False,False,7015.0,800.0,1475.0
1641994121,39ac45,43.60418701171875,1.410785054051599,128.0,89.10482628978893,128.0,SAMU31,False,False,False,7015.0,800.0,1475.0
1641994122,39ac45,43.60418701171875,1.4116154160610466,129.0,89.11176450476022,64.0,SAMU31,False,False,False,7015.0,800.0,1475.0
1641994123,39ac45,43.60418701171875,1.4124457780704942,129.0,90.0,64.0,SAMU31,False,False,False,7015.0,800.0,1475.0
1641994124,39ac45,43.60417770127118,1.4133780343191964,129.0,90.88823549523978,0.0,SAMU31,False,False,False,7015.0,800.0,1475.0
1641994125,39ac45,43.60417770127118,1.4140973772321428,129.0,91.33221985386966,64.0,SAMU31,False,False,False,7015.0,800.0,1475.0
1641994126,39ac45,43.60414123535156,1.4150007380995642,129.0,91.77604425335876,64.0,SAMU31,False,False,False,7015.0,800.0,1475.0
1641994127,39ac45,43.60413114903336,1.4157976422991072,129.0,92.2196555531979,64.0,SAMU31,False,False,False,7015.0,800.0,1475.0
1641994128,39ac45,43.60408459679555,1.4166477748325892,129.0,93.10602709561644,64.0,SAMU31,False,False,False,7015.0,800.0,1475.0
1641994129,39ac45,43.60404968261719,1.4173640761264537,130.0,93.52145337692224,-64.0,SAMU31,False,False,False,7015.0,800.0,1475.0
1641994130,39ac45,43.60404968261719,1.4181305641351745,130.0,93.52145337692224,-128.0,SAMU31,False,False,False,7015.0,775.0,1450.0
1641994131,39ac45,43.60399149231991,1.4189365931919642,130.0,93.52145337692224,-384.0,SAMU31,False,False,False,7015.0,775.0,1450.0
1641994132,39ac45,43.60395812988281,1.419280296148256,130.0,94.39870535499551,-384.0,SAMU31,False,False,False,7015.0,775.0,1450.0
1641994133,39ac45,43.60386657714844,1.4208771461664245,129.0,94.8738964222048,-320.0,SAMU31,False,False,False,7015.0,775.0,1450.0
1641994134,39ac45,43.60382080078125,1.4216436341751455,130.0,96.193904967151,-256.0,SAMU31,False,False,False,7015.0,775.0,1450.0
1641994135,39ac45,43.60372924804688,1.4224739961845931,130.0,97.0703448201576,-64.0,SAMU31,False,False,False,7015.0,775.0,1450.0
1641994136,39ac45,43.6036376953125,1.4233043581940408,130.0,97.94347181059044,-64.0,SAMU31,False,False,False,7015.0,775.0,1450.0
1641994137,39ac45,43.603572522179554,1.4242335728236606,130.0,98.37867250621558,-64.0,SAMU31,False,False,False,7015.0,775.0,1450.0
1641994138,39ac45,43.60347941770392,1.4249529157366072,130.0,99.31708606912623,-64.0,SAMU31,False,False,False,7015.0,775.0,1450.0
1641994139,39ac45,43.603363037109375,1.425795444222384,130.0,99.7524249416538,-64.0,SAMU31,False,False,False,7015.0,750.0,1425.0
1641994140,39ac45,43.60324665651483,1.4265877859933036,129.0,100.70135072389915,-128.0,SAMU31,False,False,False,7015.0,750.0,1450.0
1641994141,39ac45,43.6031535520392,1.4273725237165178,130.0,101.569972047902,-192.0,SAMU31,False,False,False,7015.0,750.0,1425.0
1641994142,39ac45,43.6031535520392,1.4273725237165178,129.0,102.52880770915152,-192.0,SAMU31,False,False,False,7015.0,750.0,1425.0
1641994143,39ac45,43.60285949707031,1.428989144258721,129.0,104.78867761416518,-192.0,SAMU31,False,False,False,7015.0,750.0,1425.0
1641994144,39ac45,43.60268802966102,1.4297921316964286,129.0,106.6144244891264,-192.0,SAMU31,False,False,False,7015.0,750.0,1425.0
1641994145,39ac45,43.6025390625,1.430266624273256,129.0,108.5757244106811,-64.0,SAMU31,False,False,False,7015.0,750.0,1425.0
1641994146,39ac45,43.60222250728284,1.431427001953125,129.0,111.38862282781884,-64.0,SAMU31,False,False,False,7015.0,750.0,1425.0
1641994147,39ac45,43.6021294028072,1.4317539760044642,129.0,113.78203042322136,-64.0,SAMU31,False,False,False,7015.0,750.0,1425.0
1641994148,39ac45,43.60176086425781,1.4328215843023258,129.0,116.76399405643863,0.0,SAMU31,False,False,False,7015.0,750.0,1425.0
1641994149,39ac45,43.60157775878906,1.4332687023074129,129.0,120.35262472763702,-64.0,SAMU31,False,False,False,7015.0,750.0,1425.0
1641994150,39ac45,43.60115180581303,1.4342389787946428,129.0,121.34521414171569,-64.0,SAMU31,False,False,False,7015.0,750.0,1425.0
1641994151,39ac45,43.600779387910485,1.4348929268973214,129.0,124.5543779434749,0.0,SAMU31,False,False,False,7015.0,750.0,1425.0
1641994152,39ac45,43.600406970007946,1.4356122698102678,130.0,127.48785589694728,-192.0,SAMU31,False,False,False,7015.0,725.0,1400.0
1641994153,39ac45,43.59998799986758,1.4362662179129464,130.0,130.6489220484261,-192.0,SAMU31,False,False,False,7015.0,725.0,1400.0
1641994154,39ac45,43.59961558196504,1.4367893763950892,131.0,133.45184230102203,-320.0,SAMU31,False,False,False,7015.0,725.0,1400.0
1641994155,39ac45,43.59915005958686,1.4374433244977678,132.0,135.61605990839925,-448.0,SAMU31,False,False,False,7015.0,700.0,1375.0
1641994156,39ac45,43.59892272949219,1.437739882358285,132.0,137.75542470050277,-512.0,SAMU31,False,False,False,7015.0,700.0,1375.0
1641994157,39ac45,43.59826556706832,1.4384896414620536,133.0,139.58609889617085,-640.0,SAMU31,False,False,False,7015.0,675.0,1350.0
1641994158,39ac45,43.59780004469015,1.4390127999441964,133.0,140.801586887647,-704.0,SAMU31,False,False,False,7015.0,675.0,1350.0
1641994159,39ac45,43.59724141783633,1.4396013532366072,134.0,143.81522102322316,-576.0,SAMU31,False,False,False,7015.0,675.0,1350.0
1641994160,39ac45,43.59672934322034,1.4400591169084822,134.0,145.35905248808373,-576.0,SAMU31,False,False,False,7015.0,650.0,1325.0
1641994161,39ac45,43.59621726860434,1.4405168805803572,134.0,146.90426571549176,-448.0,SAMU31,False,False,False,7015.0,650.0,1325.0
1641994162,39ac45,43.59567260742188,1.440997456395349,134.0,147.49601104443752,-512.0,SAMU31,False,False,False,7015.0,625.0,1325.0
1641994163,39ac45,43.59535217285156,1.441252952398256,134.0,149.03624346792648,-576.0,SAMU31,False,False,False,7015.0,625.0,1300.0
1641994164,39ac45,43.5948486328125,1.4416361964026163,134.0,149.9898623596818,-576.0,SAMU31,False,False,False,7015.0,625.0,1300.0
1641994165,39ac45,43.59407043457031,1.442211062409157,133.0,151.32096373061935,-448.0,SAMU31,False,False,False,7015.0,625.0,1300.0
1641994166,39ac45,43.59361034328654,1.4426095145089286,134.0,151.90231703256404,-448.0,SAMU31,False,False,False,7015.0,625.0,1300.0
1641994167,39ac45,43.59305171643273,1.4430018833705356,133.0,152.28149837181667,-192.0,SAMU31,False,False,False,7015.0,625.0,1300.0
1641994168,39ac45,43.59269714355469,1.443233046420785,133.0,153.24268182812344,-128.0,SAMU31,False,False,False,7015.0,600.0,1300.0
1641994169,39ac45,43.59193446272511,1.4437212262834822,133.0,153.62786317645504,-192.0,SAMU31,False,False,False,7015.0,600.0,1275.0
1641994170,39ac45,43.59160859706038,1.4439828055245536,132.0,154.0156294088147,-128.0,SAMU31,False,False,False,7015.0,600.0,1275.0
1641994171,39ac45,43.59100341796875,1.4443827784338663,132.0,154.40597075400115,-128.0,SAMU31,False,False,False,7015.0,600.0,1275.0
1641994172,39ac45,43.5904541015625,1.4447660224382268,132.0,154.79887635452494,0.0,SAMU31,False,False,False,7015.0,625.0,1300.0
1641994173,39ac45,43.58990478515625,1.4450853924418603,131.0,155.19433424518397,64.0,SAMU31,False,False,False,7015.0,600.0,1275.0
1641994174,39ac45,43.58928098516949,1.4454868861607142,132.0,155.77225468204583,0.0,SAMU31,False,False,False,7015.0,600.0,1275.0
1641994175,39ac45,43.58866882324219,1.4458518804505816,132.0,155.77225468204583,-64.0,SAMU31,False,False,False,7015.0,600.0,1275.0
1641994176,39ac45,43.58807062698623,1.4462062290736606,131.0,156.5713071912546,0.0,SAMU31,False,False,False,7015.0,600.0,1300.0
1641994177,39ac45,43.587799072265625,1.4463628724563955,130.0,156.97450799147197,0.0,SAMU31,False,False,False,7015.0,625.0,1300.0
1641994178,39ac45,43.587186134467686,1.4467293875558036,129.0,157.20940915821498,64.0,SAMU31,False,False,False,7015.0,600.0,1275.0
1641994179,39ac45,43.586441298662606,1.4471871512276786,129.0,157.20940915821498,64.0,SAMU31,False,False,False,7015.0,625.0,1300.0
1641994180,39ac45,43.58615112304688,1.4473209824672966,129.0,157.61986494804043,0.0,SAMU31,False,False,False,7015.0,625.0,1300.0
1641994181,39ac45,43.58551025390625,1.447704226471657,129.0,157.61986494804043,192.0,SAMU31,False,False,False,7015.0,625.0,1300.0
1641994182,39ac45,43.58495162705243,1.4480372837611606,128.0,157.44912451833304,192.0,SAMU31,False,False,False,7015.0,625.0,1300.0
1641994183,39ac45,43.584503173828125,1.448279092478198,128.0,157.03622694014547,192.0,SAMU31,False,False,False,7015.0,625.0,1300.0
1641994184,39ac45,43.58388092558263,1.4486258370535714,128.0,157.44912451833304,64.0,SAMU31,False,False,False,7015.0,625.0,1300.0
1641994185,39ac45,43.58336885096663,1.4489528111049106,128.0,157.03622694014547,-64.0,SAMU31,False,False,False,7015.0,625.0,1300.0
1641994186,39ac45,43.58257746292373,1.4494105747767856,128.0,156.44773632710536,-128.0,SAMU31,False,False,False,7015.0,625.0,1275.0
1641994187,39ac45,43.58206538830773,1.449737548828125,127.0,156.267060195928,-128.0,SAMU31,False,False,False,7015.0,625.0,1300.0
1641994188,39ac45,43.58180236816406,1.4498759424963663,126.0,155.66875808306494,64.0,SAMU31,False,False,False,7015.0,625.0,1300.0
1641994189,39ac45,43.58099468683792,1.4503914969308036,126.0,155.66875808306494,128.0,SAMU31,False,False,False,7015.0,625.0,1300.0
1641994190,39ac45,43.58074951171875,1.4505785565043603,126.0,155.66875808306494,320.0,SAMU31,False,False,False,7015.0,625.0,1300.0
1641994191,39ac45,43.580108642578125,1.450961800508721,126.0,155.66875808306494,320.0,SAMU31,False,False,False,7015.0,625.0,1300.0
1641994192,39ac45,43.57955932617188,1.4512811705123547,126.0,155.06570489742344,128.0,SAMU31,False,False,False,7015.0,625.0,1300.0
1641994193,39ac45,43.57905578613281,1.4516005405159884,126.0,155.06570489742344,64.0,SAMU31,False,False,False,7015.0,650.0,1300.0
1641994194,39ac45,43.57850646972656,1.451983784520349,126.0,155.06570489742344,64.0,SAMU31,False,False,False,7015.0,625.0,1300.0
1641994195,39ac45,43.57827758789063,1.4521115325218024,125.0,154.8721758192439,0.0,SAMU31,False,False,False,7015.0,625.0,1300.0
1641994196,39ac45,43.57745361328125,1.4526225245276163,124.0,154.25929164376717,0.0,SAMU31,False,False,False,7015.0,625.0,1300.0
1641994197,39ac45,43.57689808990995,1.4530072893415178,125.0,153.43494882292202,64.0,SAMU31,False,False,False,7015.0,625.0,1300.0
1641994198,39ac45,43.57638601529396,1.453399658203125,125.0,152.81888891452277,64.0,SAMU31,False,False,False,7015.0,650.0,1325.0
1641994199,39ac45,43.57612609863281,1.4535806345385176,125.0,152.81888891452277,192.0,SAMU31,False,False,False,7015.0,650.0,1325.0
1641994200,39ac45,43.57562255859375,1.4539000045421513,124.0,152.60763044810727,320.0,SAMU31,False,False,False,7015.0,650.0,1325.0
1641994201,39ac45,43.57512910487288,1.4542497907366072,124.0,152.60763044810727,256.0,SAMU31,False,False,False,7015.0,650.0,1325.0
1641994202,39ac45,43.57512910487288,1.4542497907366072,124.0,152.60763044810727,192.0,SAMU31,False,False,False,7015.0,650.0,1325.0
1641994203,39ac45,43.57388305664063,1.455177484556686,122.0,152.17590361574676,128.0,SAMU31,False,False,False,7015.0,650.0,1325.0
1641994204,39ac45,43.57337951660156,1.4555607285610466,122.0,151.53982400122894,0.0,SAMU31,False,False,False,7015.0,650.0,1325.0
1641994205,39ac45,43.5728759765625,1.4558800985646805,121.0,151.31385242626055,64.0,SAMU31,False,False,False,7015.0,650.0,1325.0
1641994206,39ac45,43.57261528403072,1.456146240234375,120.0,151.0845756583733,64.0,SAMU31,False,False,False,7015.0,650.0,1325.0
1641994207,39ac45,43.57187044822563,1.4566693987165178,118.0,151.03994330604968,0.0,SAMU31,False,False,False,7015.0,650.0,1325.0
1641994208,39ac45,43.57145147808527,1.4569963727678572,116.0,150.5615103253285,64.0,SAMU31,False,False,False,7015.0,650.0,1325.0
1641994209,39ac45,43.57093940346928,1.4573887416294642,114.0,151.18920625702694,128.0,SAMU31,False,False,False,7015.0,650.0,1325.0
1641994210,39ac45,43.57054138183594,1.4576685705850292,112.0,151.14433878028348,128.0,SAMU31,False,False,False,7015.0,675.0,1350.0
1641994211,39ac45,43.570334224377646,1.4578465053013392,111.0,151.34817154735126,192.0,SAMU31,False,False,False,7015.0,675.0,1350.0
1641994212,39ac45,43.5696824930482,1.4583042689732142,108.0,151.30509562065657,192.0,SAMU31,False,False,False,7015.0,675.0,1350.0
1641994213,39ac45,43.5692138671875,1.458690554596657,107.0,152.24145939893998,128.0,SAMU31,False,False,False,7015.0,675.0,1375.0
1641994214,39ac45,43.56879800052966,1.4589582170758928,106.0,153.6767017321901,64.0,SAMU31,False,False,False,7015.0,675.0,1375.0
1641994215,39ac45,43.56861179157839,1.4590890066964286,104.0,154.9164059938091,-64.0,SAMU31,False,False,False,7015.0,675.0,1350.0
1641994216,39ac45,43.56784057617188,1.4595847906068316,103.0,155.4184255174313,-128.0,SAMU31,False,False,False,7015.0,650.0,1350.0
1641994217,39ac45,43.5673828125,1.4598402866097384,102.0,156.2092261342228,-192.0,SAMU31,False,False,False,7015.0,650.0,1350.0
1641994218,39ac45,43.56697082519531,1.460031908611919,96.0,160.6258602313424,-320.0,SAMU31,False,False,False,7015.0,650.0,1350.0
1641994219,39ac45,43.56656349311441,1.4602007184709822,93.0,163.12373538328882,-448.0,SAMU31,False,False,False,7015.0,625.0,1325.0
1641994220,39ac45,43.56609797073623,1.4603969029017856,91.0,165.96375653207352,-384.0,SAMU31,False,False,False,7015.0,625.0,1325.0
1641994221,39ac45,43.5657721050715,1.4604622977120536,87.0,169.46081627137178,-384.0,SAMU31,False,False,False,7015.0,625.0,1325.0
1641994222,39ac45,43.56536865234375,1.4605429006177326,83.0,173.8113840367584,-256.0,SAMU31,False,False,False,7015.0,625.0,1325.0
1641994223,39ac45,43.5649807170286,1.4605930873325892,80.0,178.56790381583536,-64.0,SAMU31,False,False,False,7015.0,625.0,1325.0
1641994224,39ac45,43.56463623046875,1.4605429006177326,79.0,180.72522429905925,-64.0,SAMU31,False,False,False,7015.0,625.0,1325.0
1641994225,39ac45,43.56423588122352,1.4605276925223214,74.0,186.1701750950296,-64.0,SAMU31,False,False,False,7015.0,625.0,1325.0
1641994226,39ac45,43.56394958496094,1.4604151526162792,72.0,192.09475707701208,-128.0,SAMU31,False,False,False,7015.0,625.0,1325.0
1641994227,39ac45,43.56362915039063,1.4602874046148258,68.0,200.55604521958347,-256.0,SAMU31,False,False,False,7015.0,600.0,1300.0
1641994228,39ac45,43.5633544921875,1.4600957826126455,67.0,203.8752808539275,-320.0,SAMU31,False,False,False,7015.0,600.0,1325.0
1641994229,39ac45,43.56311862751589,1.4598737444196428,64.0,209.7448812969422,-320.0,SAMU31,False,False,False,7015.0,600.0,1325.0
1641994230,39ac45,43.562896728515625,1.4596486646075582,63.0,215.96051719664487,-384.0,SAMU31,False,False,False,7015.0,600.0,1300.0
1641994231,39ac45,43.56271362304688,1.459457042605378,62.0,221.71075732150817,-320.0,SAMU31,False,False,False,7015.0,575.0,1300.0
1641994232,39ac45,43.562513448424255,1.4591544015066964,60.0,228.3664606634298,-320.0,SAMU31,False,False,False,7015.0,575.0,1300.0
1641994233,39ac45,43.562280687235166,1.4587620326450892,59.0,233.901716032892,-384.0,SAMU31,False,False,False,7015.0,575.0,1300.0
1641994234,39ac45,43.56221008300781,1.4586266805959305,59.0,238.20108717570557,-384.0,SAMU31,False,False,False,7015.0,550.0,1300.0
1641994235,39ac45,43.56204792604608,1.4581734793526786,58.0,241.23235066115615,-448.0,SAMU31,False,False,False,7015.0,550.0,1275.0
1641994236,39ac45,43.56193542480469,1.4578601925872094,58.0,244.32318431816176,-448.0,SAMU31,False,False,False,7015.0,550.0,1275.0
1641994237,39ac45,43.56184387207031,1.4575408225835758,56.0,247.06789956241025,-384.0,SAMU31,False,False,False,7015.0,550.0,1250.0
1641994238,39ac45,43.56172206038136,1.4571271623883928,55.0,249.92847413546127,-384.0,SAMU31,False,False,False,7015.0,525.0,1275.0
1641994239,39ac45,43.56166076660156,1.4568382085755816,55.0,251.89623696549336,-384.0,SAMU31,False,False,False,7015.0,525.0,1250.0
1641994240,39ac45,43.561614990234375,1.456518838571948,54.0,254.93151184050777,-320.0,SAMU31,False,False,False,7015.0,525.0,1250.0
1641994241,39ac45,43.5615234375,1.4561355945675871,52.0,256.7594800848128,-384.0,SAMU31,False,False,False,7015.0,525.0,1250.0
1641994242,39ac45,43.56147766113281,1.4557523505632268,52.0,258.90627698844213,-320.0,SAMU31,False,False,False,7015.0,525.0,1250.0
1641994243,39ac45,43.56144274695445,1.4554922921316964,51.0,259.7960262782683,-256.0,SAMU31,False,False,False,7015.0,500.0,1250.0
1641994244,39ac45,43.56139619471663,1.4552961077008928,49.0,259.38034472384487,-256.0,SAMU31,False,False,False,7015.0,500.0,1225.0
1641994245,39ac45,43.56134964247881,1.4549037388392856,48.0,260.34010692155766,-320.0,SAMU31,False,False,False,7015.0,500.0,1225.0
1641994246,39ac45,43.56134033203125,1.4546026185501455,47.0,261.34745820888526,-256.0,SAMU31,False,False,False,7015.0,500.0,1200.0
1641994247,39ac45,43.56130309024099,1.4544459751674106,46.0,261.15818543980834,-320.0,SAMU31,False,False,False,7015.0,500.0,1225.0
1641994248,39ac45,43.56129455566406,1.4540277525436047,46.0,261.15818543980834,-320.0,SAMU31,False,False,False,7015.0,475.0,1225.0
1641994249,39ac45,43.56129455566406,1.4540277525436047,44.0,264.80557109226515,-256.0,SAMU31,False,False,False,7015.0,475.0,1200.0
1641994250,39ac45,43.56124877929688,1.4535167605377908,43.0,266.0090869015702,-320.0,SAMU31,False,False,False,7015.0,475.0,1175.0
1641994251,39ac45,43.56125653800318,1.4532688685825892,43.0,266.0090869015702,-256.0,SAMU31,False,False,False,7015.0,475.0,1175.0
1641994252,39ac45,43.56120300292969,1.4530057685319768,41.0,265.8150838748816,-320.0,SAMU31,False,False,False,7015.0,475.0,1175.0
1641994253,39ac45,43.56120300292969,1.4526863985283431,40.0,265.710846671181,-320.0,SAMU31,False,False,False,7015.0,450.0,1150.0
1641994254,39ac45,43.56120998576536,1.4524187360491072,39.0,265.6012946450045,-384.0,SAMU31,False,False,False,7015.0,450.0,1175.0
1641994255,39ac45,43.56120998576536,1.4524187360491072,39.0,265.6012946450045,-448.0,SAMU31,False,False,False,7015.0,450.0,1175.0
1641994256,39ac45,43.5611572265625,1.451983784520349,37.0,265.3645365730973,-448.0,SAMU31,False,False,False,7015.0,425.0,1175.0
1641994257,39ac45,43.56116343352754,1.4517647879464286,36.0,265.2363583092738,-448.0,SAMU31,False,False,False,7015.0,425.0,1150.0
1641994258,39ac45,43.56116343352754,1.451568603515625,35.0,266.72951207681643,-448.0,SAMU31,False,False,False,7015.0,425.0,1150.0
1641994259,39ac45,43.56116343352754,1.451568603515625,33.0,266.5317707410828,-448.0,SAMU31,False,False,False,7015.0,425.0,1150.0
1641994260,39ac45,43.56111145019531,1.4511534225109013,32.0,266.4236656250026,-448.0,SAMU31,False,False,False,7015.0,400.0,1125.0
1641994261,39ac45,43.56111145019531,1.4511534225109013,32.0,266.4236656250026,-448.0,SAMU31,False,False,False,7015.0,400.0,1125.0
1641994262,39ac45,43.56111145019531,1.4508340525072676,30.0,270.0,-448.0,SAMU31,False,False,False,7015.0,400.0,1125.0
1641994263,39ac45,43.56111145019531,1.4508340525072676,28.0,272.04540848888723,-448.0,SAMU31,False,False,False,7015.0,400.0,1125.0
1641994264,39ac45,43.56111145019531,1.450450808502907,27.0,272.12109639666147,-448.0,SAMU31,False,False,False,7015.0,375.0,1100.0
1641994265,39ac45,43.56111145019531,1.450450808502907,26.0,276.581944655178,-512.0,SAMU31,False,False,False,7015.0,350.0,1100.0
1641994266,39ac45,43.56116343352754,1.4500645228794642,25.0,276.84277341263095,-512.0,SAMU31,False,False,False,7015.0,350.0,1075.0
1641994267,39ac45,43.56116343352754,1.4500645228794642,24.0,274.76364169072616,-512.0,SAMU31,False,False,False,7015.0,350.0,1075.0
1641994268,39ac45,43.5611572265625,1.4498120684956397,23.0,274.9697407281103,-512.0,SAMU31,False,False,False,7015.0,350.0,1075.0
1641994269,39ac45,43.56120300292969,1.4496204464934594,22.0,277.76516601842536,-576.0,SAMU31,False,False,False,7015.0,325.0,1050.0
1641994270,39ac45,43.56120300292969,1.4494288244912792,21.0,275.4403320310055,-512.0,SAMU31,False,False,False,7015.0,325.0,1050.0
1641994271,39ac45,43.56120998576536,1.4493451799665178,20.0,275.71059313749964,-576.0,SAMU31,False,False,False,7015.0,300.0,1050.0
1641994272,39ac45,43.56120998576536,1.4493451799665178,20.0,275.71059313749964,-576.0,SAMU31,False,False,False,7015.0,300.0,1050.0
1641994273,39ac45,43.56120998576536,1.4493451799665178,20.0,275.71059313749964,-576.0,SAMU31,False,False,False,7015.0,300.0,1050.0
1641994274,39ac45,43.56120998576536,1.4490836007254464,16.0,273.5763343749974,-512.0,SAMU31,False,False,False,7015.0,275.0,1000.0
1641994275,39ac45,43.56120998576536,1.4490182059151786,14.0,278.13010235415595,-448.0,SAMU31,False,False,False,7015.0,275.0,1000.0
1641994276,39ac45,43.56120998576536,1.4490182059151786,14.0,278.13010235415595,-448.0,SAMU31,False,False,False,7015.0,275.0,1000.0
1641994277,39ac45,43.56124877929688,1.4488539584847384,14.0,278.13010235415595,-448.0,SAMU31,False,False,False,7015.0,275.0,1000.0
1641994278,39ac45,43.56124877929688,1.448726210483285,14.0,278.13010235415595,-448.0,SAMU31,False,False,False,7015.0,275.0,1000.0
1641994279,39ac45,43.56124877929688,1.448726210483285,14.0,278.13010235415595,-448.0,SAMU31,False,False,False,7015.0,275.0,1000.0
1641994280,39ac45,43.56129455566406,1.4486623364825582,6.0,279.4623222080256,-192.0,SAMU31,False,False,False,7015.0,250.0,1000.0
1641994281,39ac45,43.56129455566406,1.4486623364825582,6.0,308.6598082540901,-384.0,SAMU31,False,False,False,7015.0,225.0,975.0
1641994282,39ac45,43.56129455566406,1.4485984624818316,6.0,329.03624346792645,-640.0,SAMU31,False,False,False,7015.0,250.0,1000.0
1641994283,39ac45,43.56129455566406,1.4485984624818316,5.0,338.1985905136482,-640.0,SAMU31,False,False,False,7015.0,250.0,1000.0
1641994284,39ac45,43.56129455566406,1.4485984624818316,5.0,338.1985905136482,-640.0,SAMU31,False,False,False,7015.0,250.0,1000.0
1641994285,39ac45,43.56129455566406,1.4485984624818316,3.0,341.565051177078,-320.0,SAMU31,False,False,False,7015.0,250.0,1025.0
1641994286,39ac45,43.56129455566406,1.4485984624818316,3.0,341.565051177078,-320.0,SAMU31,False,False,False,7015.0,250.0,1025.0
1641994287,39ac45,43.56129455566406,1.4485984624818316,3.0,341.565051177078,-320.0,SAMU31,False,False,False,7015.0,250.0,1025.0
1641994288,39ac45,43.56129455566406,1.4485984624818316,3.0,341.565051177078,-320.0,SAMU31,False,False,False,7015.0,250.0,1025.0
1641994289,39ac45,43.56129455566406,1.4485984624818316,3.0,341.565051177078,-320.0,SAMU31,False,False,False,7015.0,250.0,1025.0
1641994290,39ac45,43.56129455566406,1.4485984624818316,3.0,341.565051177078,-320.0,SAMU31,False,False,False,7015.0,250.0,1025.0
1641994291,39ac45,43.56129455566406,1.4485984624818316,3.0,341.565051177078,-320.0,SAMU31,False,False,False,7015.0,250.0,1025.0
1641994292,39ac45,43.56129455566406,1.4485984624818316,3.0,341.565051177078,-320.0,SAMU31,False,False,False,7015.0,250.0,1025.0
1641994293,39ac45,43.56129455566406,1.4485984624818316,3.0,341.565051177078,-320.0,SAMU31,False,False,False,7015.0,250.0,1025.0
1641994294,39ac45,43.56129455566406,1.4485984624818316,3.0,341.565051177078,-320.0,SAMU31,False,False,False,7015.0,250.0,1025.0
1641994295,39ac45,43.56129455566406,1.4485984624818316,3.0,341.565051177078,-320.0,SAMU31,False,False,False,7015.0,250.0,1025.0
